,Average Rt(min),Average Mz,mass_round,neg_DIWB_1,neg_DIWB_2,neg_no injection_1,neg_no injection_2,neg_no injection_3,neg_no injection_4,neg-octl,neg_butac,neg_chlor,neg_chx,neg_dcm,neg_glyctriol,neg_hx,neg_octn,neg_olalc,neg_tol,neg_undec,neg-octlW,neg_butacW,neg_chlorW,neg_chxW,neg_dcmW,neg_glyctriolW,neg_hxW,neg_octnW,neg_olalcW,neg_tolW,neg_undecW,neg-octlM,neg_butacM,neg_chlorM,neg_chxM,neg_dcmM,neg_glyctriolM,neg_hxM,neg_octnM,neg_olalcM,neg_tolM,neg_undecM,neg-octlR_log,neg_butacR_log,neg_chlorR_log,neg_chxR_log,neg_dcmR_log,neg_glyctriolR_log,neg_hxR_log,neg_octnR_log,neg_olalcR_log,neg_tolR_log,neg_undecR_log,zeros,W_average,W_std,W_Rstd,W_Rstd_flag,Average,Stdev,Aliquot_Plate_Barcode,Aliquot_Well_ID,Aliquot_Concentration,Aliquot_Concentration_Unit,Target_Concentration,Target_Concentration_Unit,Aliquot_Solvent,DTXSID,CASRN,Preferred_Name,Smiles,Indigo_Inchi_Key,Mol_Formula,Monoisotopic_Mass,Relationship,MS_Ready_DTXCID,MS_Ready_Smiles,MS_Ready_Inchikey,MS_Ready_Mol_Formula,MS_Ready_Monoisotopic_Mass,octl,butac,chlor,chx,dcm,glyctriol,hx,octn,olalc,tol,undec,Mass_diff,Mass_flag
6,4.431,118.0536450319,118.0,2008,1889,1118,1532,4225,770,2989.5,9495.0,19444.5,29497.5,17823.0,23901.0,30558.0,28520.5,7587.0,28194.5,29212.0,27609.5,29133.5,29698.0,28898.5,30945.5,32485.0,31309.5,30991.0,32092.5,31492.0,25626.0,24620.0,19638.5,10253.5,-599.0,13122.5,8584.0,751.5,2470.5,24505.5,3297.5,-3586.0,0.9156894908391287,0.31561334398069646,-0.2779246443310651,,-0.1329642256561712,-0.444726362927335,-1.6091959416368948,-1.0623722767460302,0.5091934840384333,-0.9319795930153721,,2,30025.545454545456,1983.2297631359886,6.605141499055614,1,22165.3757695217,11245.4331877545,BF00173504,EPA_MIXTURE_006,20,mM,20,mM,DMSO,DTXSID8024573,51-17-2,Benzimidazole,N1C=NC2=C1C=CC=C2,HYZJCKYKOHLVJF-UHFFFAOYSA-N,C7H6N2,118.05309820099998,2D-QSAR-Ready,DTXCID704573,N1C=NC2=C1C=CC=C2,HYZJCKYKOHLVJF-UHFFFAOYSA-N,C7H6N2,118.05309820099998,1.06,0.98,-0.1,-2,-0.21,-0.9,-2.16,-2.2,0.11,-0.7,-2.19,4.632075806173893,0
16,3.631,134.07427503190002,134.0,642,1542,555,435,294,1376,8007.5,6762.0,7600.5,6815.0,17741.5,8124.5,5754.0,5458.5,7519.5,11892.0,6279.0,5303.5,7076.0,5852.0,6037.5,13883.0,7145.5,6644.5,6860.0,7114.5,12074.0,7753.5,-2704.0,314.0,-1748.5,-777.5,-3858.5,-979.0,890.5,1401.5,-405.0,182.0,1474.5,,-1.3331455183565353,,,,,-0.8103359337550449,-0.5904802125456117,,-1.8151835125478253,-0.6292457061705321,6,7794.909090909091,2559.238192919755,32.832174988474186,0,7083.46458046109,3811.64662650949,BF00173504,EPA_MIXTURE_006,20,mM,20,mM,DMSO,DTXSID3022164,1745-81-9,2-Allylphenol,OC1=CC=CC=C1CC=C,QIRNGVVZBINFMX-UHFFFAOYSA-N,C9H10O,134.07316494200003,2D-QSAR-Ready,DTXCID802164,OC1=CC=CC=C1CC=C,QIRNGVVZBINFMX-UHFFFAOYSA-N,C9H10O,134.07316494200003,2.69,2.9,2.37,1.4,2.52,1.66,1.28,1.24,2.45,2.27,1.27,8.279732192953212,0
30,4.402,138.0427050319,138.0,28092,20706,29039,12007,8425,14594,21018.5,19836.5,20312.0,52358.0,20592.5,34219.0,54911.5,50556.0,18326.5,14546.5,54846.0,52496.0,53417.0,49153.5,49049.5,56614.0,51651.5,50592.0,56843.5,45719.0,49690.5,53722.5,31477.5,33580.5,28841.5,-3308.5,36021.5,17432.5,-4319.5,6287.5,27392.5,35144.0,-1123.5,0.1753985135354957,0.22862211170893218,0.15226515572618968,,0.2428527190071116,-0.29290763989540636,,-0.9052947071104888,0.1745521391190957,0.38309267896540977,,3,51722.63636363636,3202.5535698515014,6.191783317725581,1,39034.4275811887,17030.1402277516,BF00173504,EPA_MIXTURE_006,20,mM,20,mM,DMSO,DTXSID8020961,100-01-6,4-Nitroaniline,NC1=CC=C(C=C1)[N+]([O-])=O,TYMLOMAKGOJONV-UHFFFAOYSA-N,C6H6N2O2,138.042927441,2D-QSAR-Ready,DTXCID40961,NC1=CC=C(C=C1)[N+]([O-])=O,TYMLOMAKGOJONV-UHFFFAOYSA-N,C6H6N2O2,138.042927441,1.23,1.96,1.58,-0.31,1.75,0.52,-0.53,-0.61,0.87,1.13,-0.56,1.6111589641948965,0
31,1.198,138.04331503190002,138.0,14929,17556,7162,6658,5911,4025,18414.5,21401.5,35458.5,11194.5,12565.5,21708.0,21818.0,28775.0,30749.5,45304.0,16609.5,30020.5,28822.0,14617.5,19945.0,19685.5,33898.5,28806.5,33657.5,38297.5,24546.0,28737.0,11606.0,7420.5,-20841.0,8750.5,7120.0,12190.5,6988.5,4882.5,7548.0,-20758.0,12127.5,-0.20047736493478116,-0.4600110440645162,,-0.10697183153525117,-0.24669978086122407,-0.2505982940989267,-0.4944309679137165,-0.7703730803419374,-0.6100061668622363,,-0.13658527567289966,2,27366.68181818182,6738.041100797253,24.621330220314277,0,23476.176724303,10683.5631944157,BF00173504,EPA_MIXTURE_006,20,mM,20,mM,DMSO,DTXSID8020961,100-01-6,4-Nitroaniline,NC1=CC=C(C=C1)[N+]([O-])=O,TYMLOMAKGOJONV-UHFFFAOYSA-N,C6H6N2O2,138.042927441,2D-QSAR-Ready,DTXCID40961,NC1=CC=C(C=C1)[N+]([O-])=O,TYMLOMAKGOJONV-UHFFFAOYSA-N,C6H6N2O2,138.042927441,1.23,1.96,1.58,-0.31,1.75,0.52,-0.53,-0.61,0.87,1.13,-0.56,2.8077563060844017,0
32,2.42,139.02729503190002,139.0,2682,1609,1633,1971,1654,876,148218.5,8314.5,11208.0,8249.0,7591.5,7178.0,7864.5,7587.5,8904.0,8346.5,6674.0,86069.5,8380.0,10283.0,6785.0,8342.0,9369.5,7829.5,7413.5,8014.5,7650.0,6575.5,-62149.0,65.5,-925.0,-1464.0,750.5,2191.5,-35.0,-174.0,-889.5,-696.5,-98.5,,-2.1035948376563596,,,-1.0049768997851798,-0.515261979007243,,,,,,8,15155.636363636364,22447.843694876057,148.11548097535666,0,15926.7408519072,31188.6563875666,BF00173504,EPA_MIXTURE_006,20,mM,20,mM,DMSO,DTXSID0021834,100-02-7,4-Nitrophenol,OC1=CC=C(C=C1)[N+]([O-])=O,BTJIUGUIPKRLHP-UHFFFAOYSA-N,C6H5NO3,139.026943025,2D-QSAR-Ready,DTXCID201834,OC1=CC=C(C=C1)[N+]([O-])=O,BTJIUGUIPKRLHP-UHFFFAOYSA-N,C6H5NO3,139.026943025,1.35,1.93,0.79,-1.2,1.02,-0.26,-1.34,-1.47,0.85,0.41,-1.34,2.531932964624876,0
33,5.139,139.02738503190002,139.0,182300,223418,75348,77043,80635,100274,473946.0,317160.5,567424.0,473506.0,694392.0,452622.0,537519.5,404882.0,348173.0,602517.5,447074.0,417436.5,475602.0,390238.5,402908.5,469119.0,403576.5,388065.5,454343.5,378392.0,482129.5,397335.0,-56509.5,158441.5,-177185.5,-70597.5,-225273.0,-49045.5,-149454.0,49461.5,30219.0,-120388.0,-49739.0,,-0.30141014852864506,,,,,,-0.9130611866874816,-1.0615150008975207,,,8,423558.7727272727,37079.0373872082,8.754165838298714,1,411832.052542892,138422.782048536,BF00173504,EPA_MIXTURE_006,20,mM,20,mM,DMSO,DTXSID0021834,100-02-7,4-Nitrophenol,OC1=CC=C(C=C1)[N+]([O-])=O,BTJIUGUIPKRLHP-UHFFFAOYSA-N,C6H5NO3,139.026943025,2D-QSAR-Ready,DTXCID201834,OC1=CC=C(C=C1)[N+]([O-])=O,BTJIUGUIPKRLHP-UHFFFAOYSA-N,C6H5NO3,139.026943025,1.35,1.93,0.79,-1.2,1.02,-0.26,-1.34,-1.47,0.85,0.41,-1.34,3.1792894988468907,0
65,1.21,149.96038503190002,150.0,9604,10058,116,134,151,103,95184.0,93108.5,101489.0,89174.5,241473.0,92570.0,91477.0,85410.5,170853.0,91632.5,99117.5,87799.0,89971.5,99566.0,83614.5,212117.0,91185.0,89415.0,84196.0,146942.0,88669.5,85431.5,-7385.0,-3137.0,-1923.0,-5560.0,-29356.0,-1385.0,-2062.0,-1214.5,-23911.0,-2963.0,-13686.0,,,,,,,,,,,,11,105355.18181818182,37847.25020110607,35.92348240300272,0,95036.2888630886,54320.7759791687,BF00173504,EPA_MIXTURE_006,20,mM,20,mM,DMSO,DTXSID2044397,1493-13-6,Trifluoromethanesulfonic acid,OS(=O)(=O)C(F)(F)F,ITMCEJHCFYSIIV-UHFFFAOYSA-N,CHF3O3S,149.95984955500003,2D-QSAR-Ready,DTXCID0024397,OS(=O)(=O)C(F)(F)F,ITMCEJHCFYSIIV-UHFFFAOYSA-N,CHF3O3S,149.95984955500003,-1.38,-1.17,-1.12,-3.8,-1.15,-2.55,-3.7,-3.94,-1.64,-2.36,-3.9,3.570801795098385,0
121,1.657,158.00407503190002,158.0,545,227,732,1312,1129,1039,19907.0,13735.0,9281.0,9015.5,24128.5,20884.0,13391.0,9449.5,12193.0,13875.5,9284.5,11678.5,13317.5,13761.0,17356.0,15913.0,13977.0,12891.0,12970.5,14613.0,14429.0,10464.0,-8228.5,-417.5,4480.0,8340.5,-8215.5,-6907.0,-500.0,3521.0,2420.0,553.5,1179.5,,,-0.31631675867374576,-0.03379773101940866,,,,-0.4287428042871433,-0.7022952078208883,-1.3991310165495925,-0.8960605753379887,5,13760.954545454546,1797.9637656191348,13.065690753357147,1,12125.7527029,5814.44566030384,BF00173504,EPA_MIXTURE_006,20,mM,20,mM,DMSO,DTXSID9024568,98-11-3,Benzenesulfonic acid,OS(=O)(=O)C1=CC=CC=C1,SRSXLGNVWSONIS-UHFFFAOYSA-N,C6H6O3S,158.003765227,2D-QSAR-Ready,DTXCID404568,OS(=O)(=O)C1=CC=CC=C1,SRSXLGNVWSONIS-UHFFFAOYSA-N,C6H6O3S,158.003765227,-0.29,0.44,0.18,-2.73,0.21,-1.43,-2.91,-3.05,-0.74,-0.92,-2.99,1.9607437808073043,0
187,7.704,166.0997550319,166.0,1679,1028,913,2180,1203,1644,1855.5,847.0,500.5,909.5,1221.0,30314.5,1856.0,1759.0,2409.0,2602.5,1540.0,1274.0,1289.0,862.0,734.0,1821.0,14570.5,1565.0,489.0,2441.5,1687.5,2581.5,-581.5,442.0,361.5,-175.5,600.0,-15744.0,-291.0,-1270.0,32.5,-915.0,1041.5,,-0.282461140981615,-0.14129578018478783,,-0.3085644135612388,,,,-1.869953439019469,,-0.16986144655269841,6,2665.0,3816.453613214522,143.20651456714904,0,3184.7438174977,6145.46415396636,BF00173504,EPA_MIXTURE_006,20,mM,20,mM,DMSO,DTXSID5024687,98-29-3,4-tert-Butylcatechol,CC(C)(C)C1=CC(O)=C(O)C=C1,XESZUVZBAMCAEJ-UHFFFAOYSA-N,C10H14O2,166.099379691,2D-QSAR-Ready,DTXCID804687,CC(C)(C)C1=CC(O)=C(O)C=C1,XESZUVZBAMCAEJ-UHFFFAOYSA-N,C10H14O2,166.099379691,2.67,3.12,1.28,-0.34,1.6,0.25,-0.45,-0.56,2.34,1.15,-0.38,2.2597369159665908,0
188,7.91,166.10024503190002,166.0,7894,8310,1452,2938,1910,1316,15319.0,21000.0,11768.0,14270.0,16308.5,19544.5,20811.0,15769.5,15738.5,14988.5,21255.5,15541.0,19932.5,14539.5,15645.0,22271.5,20482.0,21108.5,20203.5,16040.0,20285.0,22386.5,222.0,-1067.5,2771.5,1375.0,5963.0,937.5,297.5,4434.0,301.5,5296.5,1131.0,-1.8388774417169242,,-0.6279877767909936,-1.0161212749483655,-0.43694920861172687,-1.3190532881091834,-1.8448059791546263,-0.5510222346909892,-1.717676021917551,-0.4517691956345148,-1.2740087205473838,1,18948.636363636364,2773.768851309688,14.638356017178769,1,16118.2329053692,5642.93681197243,BF00173504,EPA_MIXTURE_006,20,mM,20,mM,DMSO,DTXSID5024687,98-29-3,4-tert-Butylcatechol,CC(C)(C)C1=CC(O)=C(O)C=C1,XESZUVZBAMCAEJ-UHFFFAOYSA-N,C10H14O2,166.099379691,2D-QSAR-Ready,DTXCID804687,CC(C)(C)C1=CC(O)=C(O)C=C1,XESZUVZBAMCAEJ-UHFFFAOYSA-N,C10H14O2,166.099379691,2.67,3.12,1.28,-0.34,1.6,0.25,-0.45,-0.56,2.34,1.15,-0.38,5.209778035475808,0
194,2.459,167.02254503190002,167.0,429,407,622,395,256,470,276862.0,51000.0,48758.0,8365.5,28213.0,14957.5,50151.0,10878.0,20939.0,62635.5,8707.5,142200.0,11033.5,15179.0,5375.5,7799.5,8314.0,8545.5,9253.5,10539.0,6611.5,9559.5,-134662.0,-39966.5,-33579.0,-2990.0,-20413.5,-6643.5,-41605.5,-1624.5,-10400.0,-56024.0,852.0,,,,,,,,,,,-1.0094538883635737,10,21310.045454545456,38306.60028071032,179.7584165759697,0,32052.4799846574,58251.0564531298,BF00173504,EPA_MIXTURE_006,20,mM,20,mM,DMSO,DTXSID3020966,62-23-7,4-Nitrobenzoic acid,OC(=O)C1=CC=C(C=C1)[N+]([O-])=O,OTLNPYWUJOZPPA-UHFFFAOYSA-N,C7H5NO4,167.02185764499995,2D-QSAR-Ready,DTXCID90966,OC(=O)C1=CC=C(C=C1)[N+]([O-])=O,OTLNPYWUJOZPPA-UHFFFAOYSA-N,C7H5NO4,167.02185764499995,1.73,2.24,1.43,-0.53,1.6,0.25,-0.7,-0.8,1.25,0.98,-0.69,4.115550561828574,0
208,5.931,170.02558503190002,170.0,196,378,120,253,507,606,658.0,1161.0,4903.0,15013.0,9228.0,8077.5,13792.5,13514.5,860.0,12888.0,14072.5,13560.5,13671.0,13919.0,13524.5,14123.5,14232.5,14879.5,13463.0,14413.0,14961.0,13055.5,12902.5,12510.0,9016.0,-1488.5,4895.5,6155.0,1087.0,-51.5,13553.0,2073.0,-1017.0,1.292447974128034,1.0324250899548462,0.2645520097918718,,-0.2753105309455582,-0.11804890942234653,-1.103413448543483,,1.197536987083931,-0.7935862253173007,,3,13982.09090909091,575.871072146828,4.11863344253045,1,9764.7032735488,5966.49469529792,BF00173504,EPA_MIXTURE_006,20,mM,20,mM,DMSO,DTXSID5041512,140-38-5,4-Chlorophenylurea,NC(=O)NC1=CC=C(Cl)C=C1,RECCURWJDVZHIH-UHFFFAOYSA-N,C7H7ClN2O,170.0246906,2D-QSAR-Ready,DTXCID3021512,NC(=O)NC1=CC=C(Cl)C=C1,RECCURWJDVZHIH-UHFFFAOYSA-N,C7H7ClN2O,170.0246906,1.44,1.71,0.06,-1.97,0.15,-0.93,-2.14,-2.21,0.76,-0.42,-2.11,5.260600074327853,0
291,11.412,180.0788850319,180.0,9062,5313,5777,7445,7506,11583,10244.0,9576.5,9455.0,9079.5,11160.0,8765.0,12260.0,10010.0,10649.5,10854.0,11868.0,10811.0,7936.0,11673.5,12304.5,10098.5,11727.5,9645.5,7493.0,10215.0,11575.0,8589.0,567.0,-1640.5,2218.5,3225.0,-1061.5,2962.5,-2614.5,-2517.0,-434.5,721.0,-3279.0,-1.2568865109034855,,-0.6296021001284848,-0.44953221399694665,,-0.4710935614116535,,,,-1.1776545525240283,,6,10188.045454545454,1553.9573010184126,15.252751942965723,0,10568.5073720895,4787.51694966258,BF00173504,EPA_MIXTURE_006,20,mM,20,mM,DMSO,DTXSID4022527,94-13-3,Propylparaben,CCCOC(=O)C1=CC=C(O)C=C1,QELSKZZBTMNZEB-UHFFFAOYSA-N,C10H12O3,180.07864424600004,2D-QSAR-Ready,DTXCID602527,CCCOC(=O)C1=CC=C(O)C=C1,QELSKZZBTMNZEB-UHFFFAOYSA-N,C10H12O3,180.07864424600004,3.27,3.71,2.22,0.6,2.54,1.01,0.49,0.37,2.89,2.11,0.58,1.33711524189877,0
293,8.13,180.07958503190002,180.0,13525,5439,10550,3123,10981,8070,8970.0,6680.0,11589.5,36751.5,9995.0,11154.5,44481.5,39138.0,5559.5,12458.0,40807.5,38735.5,47792.0,51801.5,48173.0,51430.5,50685.5,50548.0,47716.0,47957.5,54364.5,51660.5,29765.5,41112.0,40212.0,11421.5,41435.5,39531.0,6066.5,8578.0,42398.0,41906.5,10853.0,0.5209207391709815,0.7891921422015709,0.5402909740646862,-0.5075519252663065,0.6175897853658824,0.5494876928328699,-0.8652412221148097,-0.6592125870030769,0.8823096359540914,0.526833063855235,-0.5751901862875475,0,49169.5,3870.302431217864,7.871347951917071,1,31427.7038143382,19199.8906180851,BF00173504,EPA_MIXTURE_006,20,mM,20,mM,DMSO,DTXSID4022527,94-13-3,Propylparaben,CCCOC(=O)C1=CC=C(O)C=C1,QELSKZZBTMNZEB-UHFFFAOYSA-N,C10H12O3,180.07864424600004,2D-QSAR-Ready,DTXCID602527,CCCOC(=O)C1=CC=C(O)C=C1,QELSKZZBTMNZEB-UHFFFAOYSA-N,C10H12O3,180.07864424600004,3.27,3.71,2.22,0.6,2.54,1.01,0.49,0.37,2.89,2.11,0.58,5.224305768872022,0
359,0.909,192.08137503190002,192.0,270,135,271,205,239,0,205.5,89.0,669.0,141.0,126.5,36933.0,235.5,120.0,176.5,209.0,464.0,206.5,163.5,223.0,196.0,400.0,4883.5,313.0,181.0,171.5,232.5,303.0,1.0,74.5,-446.0,55.0,273.5,-32049.5,77.5,61.0,-5.0,23.5,-161.0,-2.312811826212088,-0.07723373389661992,,-0.408856423161136,0.33486680515761286,,-0.4826892089586047,-0.2938514110368578,,-0.9490784238393177,,4,661.2272727272727,1336.9797265688803,202.19670024414222,0,1853.09381417667,7223.17576312248,BF00173504,EPA_MIXTURE_006,20,mM,20,mM,DMSO,DTXSID4047094,94-02-0,Ethyl benzoylacetate,CCOC(=O)CC(=O)C1=CC=CC=C1,GKKZMYDNDDMXSE-UHFFFAOYSA-N,C11H12O3,192.07864424600004,2D-QSAR-Ready,DTXCID2027094,CCOC(=O)CC(=O)C1=CC=CC=C1,GKKZMYDNDDMXSE-UHFFFAOYSA-N,C11H12O3,192.07864424600004,1.76,2.46,3.3,1.02,3.32,1.45,0.78,0.7,1.64,2.37,0.71,14.217019860299406,0
442,3.06,202.1086250319,202.0,0,0,0,241,0,177,22533.5,25693.0,22477.5,27974.5,12232.5,27158.0,26470.5,28656.0,29689.5,28748.0,27590.0,26330.5,27667.5,29673.0,29501.5,29357.0,27260.0,30280.5,29145.5,32413.0,29778.5,26384.5,3797.0,1974.5,7195.5,1527.0,17124.5,102.0,3810.0,489.5,2723.5,1030.5,-1205.5,-0.773388056307589,-1.1143576788204181,-0.49468702881576637,-1.262923295885467,0.1461026754165138,-2.425297612221148,-0.8418371690707648,-1.7674628723657997,-1.0374755041078292,-1.4455596400694786,,1,28890.136363636364,1742.120404602458,6.030156392045425,1,23420.5009062524,10361.7203181318,BF00173504,EPA_MIXTURE_006,19,mM,20,mM,DMSO,DTXSID7034549,165252-70-0,Dinotefuran,CN\C(NCC1CCOC1)=N\[N+]([O-])=O,YKBZOVFACRVRJN-UHFFFAOYSA-N,C7H14N4O3,202.106590327,2D-QSAR-Ready,DTXCID5014549,CN\C(NCC1CCOC1)=N\[N+]([O-])=O,YKBZOVFACRVRJN-UHFFFAOYSA-N,C7H14N4O3,202.106590327,-0.28,-0.34,-0.08,-3.21,-0.53,-1.94,-3.41,-3.46,-1.06,-1.76,-3.55,10.067484176147659,0
480,11.147,206.1310350319,206.0,9103,10429,7070,7106,8146,8358,9142.0,8896.0,6362.0,6952.0,5846.5,7217.5,7029.5,6680.0,8270.0,6747.0,10062.0,9159.5,8716.5,6349.0,7794.0,6988.5,7937.0,7504.5,6954.5,9431.5,6740.5,9665.5,17.5,-179.5,-13.0,842.0,1142.0,719.5,475.0,274.5,1161.5,-6.5,-396.5,-2.7180031682670176,,,-0.9167976719409605,-0.7092298501077113,-1.001355994280134,-1.170230825641973,-1.386234113689435,-0.8524862954162924,,,4,7931.0,1101.6018501998062,13.889822849575165,1,8607.92862477022,5759.98479930647,BF00173504,EPA_MIXTURE_006,20,mM,20,mM,DMSO,DTXSID5020732,15687-27-1,Ibuprofen,CC(C)CC1=CC=C(C=C1)C(C)C(O)=O,HEFNNWSXXWATRW-UHFFFAOYSA-N,C13H18O2,206.13067982,2D-QSAR-Ready,DTXCID90732,CC(C)CC1=CC=C(C=C1)C(C)C(O)=O,HEFNNWSXXWATRW-UHFFFAOYSA-N,C13H18O2,206.13067982,3.68,4.03,3.21,1.72,3.4,1.82,1.57,1.5,3.52,2.93,1.62,1.7232364454952704,0
482,8.291,206.1312650319,206.0,1141,1213,862,200,390,780,63799.0,21929.5,36113.0,7728.5,36109.0,26434.0,28754.5,5418.0,23828.5,36446.5,9848.5,15422.5,3956.5,10248.0,2785.0,7686.5,2011.0,2581.0,1596.5,5091.5,6104.0,1387.0,-48376.5,-17973.0,-25865.0,-4943.5,-28422.5,-24423.0,-26173.5,-3821.5,-18737.0,-30342.5,-8461.5,,,,,,,,,,,,11,5351.772727272727,4141.493765229886,77.38545667540704,0,14077.1708610385,15791.580339348,BF00173504,EPA_MIXTURE_006,20,mM,20,mM,DMSO,DTXSID5020732,15687-27-1,Ibuprofen,CC(C)CC1=CC=C(C=C1)C(C)C(O)=O,HEFNNWSXXWATRW-UHFFFAOYSA-N,C13H18O2,206.13067982,2D-QSAR-Ready,DTXCID90732,CC(C)CC1=CC=C(C=C1)C(C)C(O)=O,HEFNNWSXXWATRW-UHFFFAOYSA-N,C13H18O2,206.13067982,3.68,4.03,3.21,1.72,3.4,1.82,1.57,1.5,3.52,2.93,1.62,2.839033473810432,0
492,0.684,210.0175450319,210.0,3639,4544,351,404,144,376,13214.0,14164.5,16378.0,15116.0,21497.5,14780.0,15020.0,19089.0,15088.0,15522.5,13421.5,12456.0,14108.0,16999.0,14367.5,19999.5,14185.0,15559.0,16970.5,14615.0,16276.5,14320.0,-758.0,-56.5,621.0,-748.5,-1498.0,-595.0,539.0,-2118.5,-473.0,754.0,898.5,,,-1.4211692666009617,,,,-1.4450811674814108,,,-1.3135903226482468,-1.1742829742775944,7,15441.454545454546,1945.0311455153599,12.59616534044659,1,13679.0874968884,5337.78053031902,BF00173504,EPA_MIXTURE_006,20,mM,20,mM,DMSO,DTXSID3021487,528-44-9,"1,2,4-Benzenetricarboxylic acid",OC(=O)C1=CC(C(O)=O)=C(C=C1)C(O)=O,ARCGXLSVLAOJQL-UHFFFAOYSA-N,C9H6O6,210.01643791300003,2D-QSAR-Ready,DTXCID101487,OC(=O)C1=CC(C(O)=O)=C(C=C1)C(O)=O,ARCGXLSVLAOJQL-UHFFFAOYSA-N,C9H6O6,210.01643791300003,1.19,1.26,-2.63,-5.76,-2.43,-4.07,-5.78,-5.99,0.03,-3.3,-5.63,5.271582124562724,0
517,7.615,213.0829250319,213.0,278467,276802,251747,239044,257197,233738,307631.0,295538.5,315418.5,316492.0,320196.5,314121.0,370382.0,342647.0,308426.5,312487.0,323982.5,366346.0,376735.5,371715.5,388858.5,405122.0,378711.5,406883.5,381590.0,438269.5,369462.5,394290.5,58715.0,81197.0,56297.0,72366.5,84925.5,64590.5,36501.5,38943.0,129843.0,56975.5,70308.0,-0.7192810320060605,-0.5610740811560263,-0.74840190964907,-0.6408251682709678,-0.57637846796432,-0.6869283248901985,-1.0063391606654652,-0.9444175291247345,-0.3757331443242641,-0.7391438095458311,-0.6635168082542737,0,388907.7272727273,20315.665019839915,5.223775100152035,1,356595.343137255,109367.870409259,BF00173504,EPA_MIXTURE_006,20,mM,20,mM,DMSO,DTXSID7027540,3622-84-2,N-Butylbenzenesulfonamide,CCCCNS(=O)(=O)C1=CC=CC=C1,IPRJXAGUEGOFGG-UHFFFAOYSA-N,C10H15NO2S,213.082349901,2D-QSAR-Ready,DTXCID907540,CCCCNS(=O)(=O)C1=CC=CC=C1,IPRJXAGUEGOFGG-UHFFFAOYSA-N,C10H15NO2S,213.082349901,1.93,2.5,3.22,1.02,3.14,1.47,0.73,0.7,1.7,2.27,0.66,2.699101545879775,0
527,8.459,214.06336503190002,214.0,176,1103,577,193,409,151,762.0,348.5,3942.5,64539.5,4506.5,1175.0,71085.5,65833.5,1692.5,11888.0,68028.0,63608.5,74328.0,82882.0,74097.0,78318.5,80324.0,78993.0,77206.0,65446.0,80687.5,74140.0,62846.5,73979.5,78939.5,9557.5,73812.0,79149.0,7907.5,11372.5,63753.5,68799.5,6112.0,1.9163261249542602,2.3269086093199514,1.3015226692613855,-0.8294812898264317,1.2142875976688756,1.8284075655757692,-0.9537418219113223,-0.7625909992191331,1.5759753547129183,0.7624764855976448,-1.0465043574709614,0,75457.31818181818,5841.798646092452,7.741858294004494,1,44138.6496255912,35617.0982557164,BF00173504,EPA_MIXTURE_006,20,mM,20,mM,DMSO,DTXSID8022406,131-56-6,"2,4-Dihydroxybenzophenone",OC1=CC=C(C(=O)C2=CC=CC=C2)C(O)=C1,ZXDDPOHVAMWLBH-UHFFFAOYSA-N,C13H10O3,214.06299418199995,2D-QSAR-Ready,DTXCID402406,OC1=CC=C(C(=O)C2=CC=CC=C2)C(O)=C1,ZXDDPOHVAMWLBH-UHFFFAOYSA-N,C13H10O3,214.06299418199995,3.34,3.6,1.82,-0.21,1.89,0.54,-0.51,-0.53,2.39,1.48,-0.38,1.7324334898814535,0
553,0.8,216.0633250319,216.0,886,579,129,429,112,281,8368.0,5840.0,8148.5,6727.5,18670.0,20674.5,9418.5,13825.5,14537.5,17579.5,6044.5,5749.5,7132.0,10362.0,9332.5,13764.5,7887.0,7886.0,19782.5,2692.0,15370.0,8374.0,-2618.5,1292.0,2213.5,2605.0,-4905.5,-12787.5,-1532.5,5957.0,-11845.5,-2209.5,2329.5,,-0.6551503334533342,-0.5659981435688108,-0.41204597880024885,,,,-0.36565324644673985,,,-0.4140976671334946,6,9848.363636363636,4575.686898711638,46.461392650212325,0,9395.58372542437,6201.36122320698,BF00173504,EPA_MIXTURE_006,20,mM,20,mM,DMSO,DTXSID8024317,5902-51-2,Terbacil,CC1=C(Cl)C(=O)N(C(=O)N1)C(C)(C)C,NBQCNZYJJMBDKY-UHFFFAOYSA-N,C9H13ClN2O2,216.0665554,2D-QSAR-Ready,DTXCID104317,CC1=C(Cl)C(=O)N(C(=O)N1)C(C)(C)C,NBQCNZYJJMBDKY-UHFFFAOYSA-N,C9H13ClN2O2,216.0665554,2.75,2.48,2.8,1.15,2.49,1.49,0.91,0.95,2.04,1.99,0.86,14.950801127047843,0
554,7.09,216.0673450319,216.0,266,1202,236,744,759,902,1122.5,685.5,729.0,24968.5,1516.5,4238.0,25967.0,25020.5,1978.0,5391.0,26152.0,27841.0,28361.5,29215.5,29291.5,29382.5,28135.0,29364.0,28027.5,29502.0,28123.5,27196.5,26718.5,27676.0,28486.5,4323.0,27866.0,23897.0,3397.0,3007.0,27524.0,22732.5,1044.5,1.3766257231397954,1.6060958628059248,1.5919115645135595,-0.76160721705837,1.2642322181282484,0.7511824311999945,-0.8833262310725328,-0.9201625561166455,1.1434852619131943,0.6249778679306861,-1.3985964632559853,0,28585.5,753.0613279384114,2.6344171973147623,1,17044.4783552581,13060.3826261011,BF00173504,EPA_MIXTURE_006,20,mM,20,mM,DMSO,DTXSID8024317,5902-51-2,Terbacil,CC1=C(Cl)C(=O)N(C(=O)N1)C(C)(C)C,NBQCNZYJJMBDKY-UHFFFAOYSA-N,C9H13ClN2O2,216.0665554,2D-QSAR-Ready,DTXCID104317,CC1=C(Cl)C(=O)N(C(=O)N1)C(C)(C)C,NBQCNZYJJMBDKY-UHFFFAOYSA-N,C9H13ClN2O2,216.0665554,2.75,2.48,2.8,1.15,2.49,1.49,0.91,0.95,2.04,1.99,0.86,3.6545771674081164,0
577,3.301,217.0049250319,217.0,100,103,143,127,122,294,20797.0,19430.5,19027.0,19273.0,20061.5,20704.5,18668.0,19138.0,20445.0,19283.0,18187.5,20025.0,19823.5,19625.0,19146.0,18866.5,20542.5,18020.0,18300.5,19151.0,18639.5,17950.0,-772.0,393.0,598.0,-127.0,-1195.0,-162.0,-648.0,-837.5,-1294.0,-643.5,-237.5,,-1.6940914259550315,-1.5026691341906973,,,,,,,,,9,19099.045454545456,805.3738955108043,4.21682799503014,1,16690.3700268315,6726.88933233999,BF00173504,EPA_MIXTURE_006,20,mM,20,mM,DMSO,DTXSID4026975,121-03-9,2-Methyl-5-nitrobenzenesulfonic acid,CC1=CC=C(C=C1S(O)(=O)=O)[N+]([O-])=O,ZDTXQHVBLWYPHS-UHFFFAOYSA-N,C7H7NO5S,217.00449350300005,2D-QSAR-Ready,DTXCID506975,CC1=CC=C(C=C1S(O)(=O)=O)[N+]([O-])=O,ZDTXQHVBLWYPHS-UHFFFAOYSA-N,C7H7NO5S,217.00449350300005,0.11,1.26,0.86,-2.51,0.98,-1.15,-2.82,-2.95,-0.33,-0.31,-2.84,1.9885712640607665,0
578,3.301,217.0049250319,217.0,100,103,143,127,122,294,20797.0,19430.5,19027.0,19273.0,20061.5,20704.5,18668.0,19138.0,20445.0,19283.0,18187.5,20025.0,19823.5,19625.0,19146.0,18866.5,20542.5,18020.0,18300.5,19151.0,18639.5,17950.0,-772.0,393.0,598.0,-127.0,-1195.0,-162.0,-648.0,-837.5,-1294.0,-643.5,-237.5,,-1.6940914259550315,-1.5026691341906973,,,,,,,,,9,19099.045454545456,805.3738955108043,4.21682799503014,1,16690.3700268315,6726.88933233999,BF00173504,EPA_MIXTURE_006,20,mM,20,mM,DMSO,DTXSID8022111,709-98-8,Propanil,CCC(=O)NC1=CC=C(Cl)C(Cl)=C1,LFULEKSKNZEWOE-UHFFFAOYSA-N,C9H9Cl2NO,217.0061193,2D-QSAR-Ready,DTXCID102111,CCC(=O)NC1=CC=C(Cl)C(Cl)=C1,LFULEKSKNZEWOE-UHFFFAOYSA-N,C9H9Cl2NO,217.0061193,3.25,3.8,3.27,1.75,3.46,2.04,1.5,1.46,2.92,3.03,1.54,5.503384438402232,0
579,9.369,217.00669503190002,217.0,117,114,123,233,198,267,298.5,437.0,114.5,24717.5,387.0,386.0,36287.0,29387.5,186.5,878.0,30423.0,38855.5,96589.0,101356.0,98799.5,97422.5,98721.5,105496.5,102312.0,57475.0,103118.0,102128.5,38557.0,96152.0,101241.5,74082.0,97035.5,98335.5,69209.5,72924.5,57288.5,102240.0,71705.5,2.111158899979849,2.342476885196695,2.946553084390485,0.476708155700437,2.3992196829953807,2.4061230256817723,0.2804146469966978,0.3947108179715681,2.4873886150060893,2.0661263249082222,0.3723504310359689,0,91115.81818181818,20784.198917657624,22.810747170357995,0,44178.1515980141,44744.2373917272,BF00173504,EPA_MIXTURE_006,20,mM,20,mM,DMSO,DTXSID4026975,121-03-9,2-Methyl-5-nitrobenzenesulfonic acid,CC1=CC=C(C=C1S(O)(=O)=O)[N+]([O-])=O,ZDTXQHVBLWYPHS-UHFFFAOYSA-N,C7H7NO5S,217.00449350300005,2D-QSAR-Ready,DTXCID506975,CC1=CC=C(C=C1S(O)(=O)=O)[N+]([O-])=O,ZDTXQHVBLWYPHS-UHFFFAOYSA-N,C7H7NO5S,217.00449350300005,0.11,1.26,0.86,-2.51,0.98,-1.15,-2.82,-2.95,-0.33,-0.31,-2.84,10.145084391736345,0
580,9.369,217.00669503190002,217.0,117,114,123,233,198,267,298.5,437.0,114.5,24717.5,387.0,386.0,36287.0,29387.5,186.5,878.0,30423.0,38855.5,96589.0,101356.0,98799.5,97422.5,98721.5,105496.5,102312.0,57475.0,103118.0,102128.5,38557.0,96152.0,101241.5,74082.0,97035.5,98335.5,69209.5,72924.5,57288.5,102240.0,71705.5,2.111158899979849,2.342476885196695,2.946553084390485,0.476708155700437,2.3992196829953807,2.4061230256817723,0.2804146469966978,0.3947108179715681,2.4873886150060893,2.0661263249082222,0.3723504310359689,0,91115.81818181818,20784.198917657624,22.810747170357995,0,44178.1515980141,44744.2373917272,BF00173504,EPA_MIXTURE_006,20,mM,20,mM,DMSO,DTXSID8022111,709-98-8,Propanil,CCC(=O)NC1=CC=C(Cl)C(Cl)=C1,LFULEKSKNZEWOE-UHFFFAOYSA-N,C9H9Cl2NO,217.0061193,2D-QSAR-Ready,DTXCID102111,CCC(=O)NC1=CC=C(Cl)C(Cl)=C1,LFULEKSKNZEWOE-UHFFFAOYSA-N,C9H9Cl2NO,217.0061193,3.25,3.8,3.27,1.75,3.46,2.04,1.5,1.46,2.92,3.03,1.54,2.6530675811598248,0
600,5.594,222.08988503190002,222.0,45280,48439,27347,34602,18239,17913,39091.5,37032.0,42625.5,24867.0,37509.5,42126.5,38189.5,35340.5,33192.5,32216.0,39499.0,38877.0,38825.5,38141.5,39999.5,40713.5,35499.5,39301.5,41397.5,39378.0,43131.0,38542.0,-214.5,1793.5,-4484.0,15132.5,3204.0,-6627.0,1112.0,6057.0,6185.5,10915.0,-957.0,,-1.314875786762769,,-0.2157127117712466,-1.0684487676505934,,-1.5358391851188358,-0.7660151159812647,-0.7296651526925853,-0.47004787655421715,,4,39436.954545454544,1861.7606458616904,4.720852985024105,1,37143.9265471814,6371.25005178781,BF00173504,EPA_MIXTURE_006,14,mM,20,mM,DMSO,DTXSID7021780,84-66-2,Diethyl phthalate,CCOC(=O)C1=CC=CC=C1C(=O)OCC,FLKPEMZONWLCSK-UHFFFAOYSA-N,C12H14O4,222.089208931,2D-QSAR-Ready,DTXCID901780,CCOC(=O)C1=CC=CC=C1C(=O)OCC,FLKPEMZONWLCSK-UHFFFAOYSA-N,C12H14O4,222.089208931,2.07,2.37,3.55,1.21,3.36,1.52,0.99,0.93,1.8,2.37,0.89,3.0442762315073013,0
602,1.513,222.0901650319,222.0,481,270,281,138,177,168,2131.5,407.5,2401.0,6927.5,11027.0,1928.5,2541.5,493.0,4120.5,13710.5,1245.0,1543.0,1958.0,557.5,13478.5,10217.0,326.0,916.5,520.5,687.0,15615.0,484.0,-588.5,1550.5,-1843.5,6551.0,-810.0,-1602.5,-1625.0,27.5,-3433.5,1904.5,-761.0,,0.5803441574973498,,-0.02426893502232956,,,,-1.2535142254469673,,-0.8572723161062892,,7,4209.363636363636,5587.550484176688,132.74097861033533,0,3692.10615689147,5033.72767155734,BF00173504,EPA_MIXTURE_006,14,mM,20,mM,DMSO,DTXSID7021780,84-66-2,Diethyl phthalate,CCOC(=O)C1=CC=CC=C1C(=O)OCC,FLKPEMZONWLCSK-UHFFFAOYSA-N,C12H14O4,222.089208931,2D-QSAR-Ready,DTXCID901780,CCOC(=O)C1=CC=CC=C1C(=O)OCC,FLKPEMZONWLCSK-UHFFFAOYSA-N,C12H14O4,222.089208931,2.07,2.37,3.55,1.21,3.36,1.52,0.99,0.93,1.8,2.37,0.89,4.305030868452229,0
766,8.372,232.0172750319,232.0,0,0,202,0,0,0,103.5,88.5,0.0,31592.5,99.0,0.0,40413.5,37081.0,272.5,97.5,35587.0,40948.5,55726.5,57351.5,54306.5,57395.5,57032.0,58391.0,58062.5,47895.0,58202.0,56239.5,40845.0,55638.0,57351.5,22714.0,57296.5,57032.0,17977.5,20981.5,47622.5,58104.5,20652.5,2.5961985506027094,2.7984282394687856,,-0.14329037271418543,2.762492898973473,,-0.35179716659967086,-0.24731490432518463,2.2424456838620324,2.7752051526554533,-0.2363187474936353,2,54686.40909090909,5186.6668041421435,9.484379922477594,1,29293.5754514208,25781.6068233707,BF00173504,EPA_MIXTURE_006,20,mM,20,mM,DMSO,DTXSID0020446,330-54-1,Diuron,CN(C)C(=O)NC1=CC(Cl)=C(Cl)C=C1,XMTQQYYKAHVGBJ-UHFFFAOYSA-N,C9H10Cl2N2O,232.0170184,2D-QSAR-Ready,DTXCID00446,CN(C)C(=O)NC1=CC(Cl)=C(Cl)C=C1,XMTQQYYKAHVGBJ-UHFFFAOYSA-N,C9H10Cl2N2O,232.0170184,2.4,2.91,2.54,0.21,2.54,0.9,-0.1,-0.13,1.79,1.79,-0.07,1.10609084521713,0
785,8.435,236.17788503190002,236.0,85004,88864,3295,6375,3776,1945,111844.5,152496.5,98150.5,157444.5,107045.5,150429.0,155899.5,177292.0,113948.0,119632.5,137401.5,161211.0,137033.0,130968.5,123914.5,157098.5,125670.5,144466.0,120742.5,145353.5,127901.5,170787.5,49366.5,-15463.5,32818.0,-33530.0,50053.0,-24758.5,-11433.5,-56549.5,31405.5,8269.0,33386.0,-0.3551822947665353,,-0.4757804056550772,,-0.3301383023839857,,,,-0.5597009948035854,-1.1603961864958776,-0.6144270848580919,5,140467.9090909091,15977.274030518503,11.374323241458809,1,124784.072428385,41940.1615823919,BF00173504,EPA_MIXTURE_006,20,mM,20,mM,DMSO,DTXSID1020697,148081-72-5,"1-O-Hexyl-2,3,5-trimethylhydroquinone",CCCCCCOC1=CC(C)=C(O)C(C)=C1C,ATMNQRRJNBCQJO-UHFFFAOYSA-N,C15H24O2,236.17763001300003,2D-QSAR-Ready,DTXCID50697,CCCCCCOC1=CC(C)=C(O)C(C)=C1C,ATMNQRRJNBCQJO-UHFFFAOYSA-N,C15H24O2,236.17763001300003,5.67,5.83,5.59,4.63,5.71,4.13,4.39,4.4,5.45,5.52,4.49,1.0797758448921388,0
787,5.4,236.17808503190003,236.0,10664,12311,371,269,0,153,52271.5,28983.0,31838.0,39299.5,80367.0,42174.5,54449.5,53456.0,48332.0,57593.0,44174.0,30513.5,37677.0,24342.0,41063.0,74472.0,57362.0,68661.5,70546.0,40125.0,58598.0,40575.5,-21758.0,8694.0,-7496.0,1763.5,-5895.0,15187.5,14212.0,17090.0,-8207.0,1005.0,-3598.5,,-0.5229237009743795,,-1.3480115609616814,,-0.44356365156884914,-0.5833386972444214,-0.4952543955733193,,-1.7582036396161098,,5,49448.681818181816,16376.72802994976,33.11863416332403,0,42773.8728670606,21105.8095926293,BF00173504,EPA_MIXTURE_006,20,mM,20,mM,DMSO,DTXSID1020697,148081-72-5,"1-O-Hexyl-2,3,5-trimethylhydroquinone",CCCCCCOC1=CC(C)=C(O)C(C)=C1C,ATMNQRRJNBCQJO-UHFFFAOYSA-N,C15H24O2,236.17763001300003,2D-QSAR-Ready,DTXCID50697,CCCCCCOC1=CC(C)=C(O)C(C)=C1C,ATMNQRRJNBCQJO-UHFFFAOYSA-N,C15H24O2,236.17763001300003,5.67,5.83,5.59,4.63,5.71,4.13,4.39,4.4,5.45,5.52,4.49,1.9265960962242852,0
789,6.038,236.17852503190002,236.0,29800,28900,263,113,372,222,51344.0,71172.0,42051.5,53104.5,56936.0,64313.5,61478.0,66612.0,57326.5,54883.0,53990.5,59007.5,67548.5,51112.5,56336.5,77692.5,62002.5,72366.0,63039.0,52953.5,67885.5,62579.5,7663.5,-3623.5,9061.0,3232.0,20756.5,-2311.0,10888.0,-3573.0,-4373.0,13002.5,8589.0,-0.8260625380134841,,-0.6666053615270414,-1.2156599720366015,-0.4382328290198415,,-0.7517716184103715,,,-0.6254109801905304,-0.7983747467013735,4,62956.681818181816,7698.21873219775,12.227802530047754,1,53724.3436769972,19043.4463511915,BF00173504,EPA_MIXTURE_006,20,mM,20,mM,DMSO,DTXSID1020697,148081-72-5,"1-O-Hexyl-2,3,5-trimethylhydroquinone",CCCCCCOC1=CC(C)=C(O)C(C)=C1C,ATMNQRRJNBCQJO-UHFFFAOYSA-N,C15H24O2,236.17763001300003,2D-QSAR-Ready,DTXCID50697,CCCCCCOC1=CC(C)=C(O)C(C)=C1C,ATMNQRRJNBCQJO-UHFFFAOYSA-N,C15H24O2,236.17763001300003,5.67,5.83,5.59,4.63,5.71,4.13,4.39,4.4,5.45,5.52,4.49,3.7896006490828023,0
800,3.931,240.05781503190002,240.0,97,171,411,172,278,457,50921.0,50597.0,56772.5,52549.5,56687.0,52520.5,53600.0,51175.0,56251.5,51107.0,52582.0,52311.0,51009.0,56111.5,50234.0,53313.5,54018.5,54378.5,50766.5,55429.0,54957.5,52852.5,1390.0,412.0,-661.0,-2315.5,-3373.5,1498.0,778.5,-408.5,-822.5,3850.5,270.5,-1.5638821236006075,-2.089227551358636,,,,-1.5448170385971647,-1.837906172788631,,,-1.12296326072792,-2.2886698313928915,5,53216.5,1883.744047466013,3.539774407309787,1,45932.8918443568,18504.65935771,BF00173504,EPA_MIXTURE_006,20,mM,20,mM,DMSO,DTXSID0023901,25057-89-0,Bentazone,CC(C)N1C(=O)C2=C(NS1(=O)=O)C=CC=C2,ZOMSMJKLGFBRBS-UHFFFAOYSA-N,C10H12N2O3S,240.05686342799996,2D-QSAR-Ready,DTXCID503901,CC(C)N1C(=O)C2=C(NS1(=O)=O)C=CC=C2,ZOMSMJKLGFBRBS-UHFFFAOYSA-N,C10H12N2O3S,240.05686342799996,2.88,3.67,3.93,2.16,3.99,2.5,1.76,1.8,2.6,3.42,1.78,3.964077037724045,0
830,4.807,242.1131850319,242.0,2741,3132,3124,1325,1721,1781,6415.5,2461.0,3515.5,2883.0,6933.0,27400.0,3631.0,2874.0,11963.5,3118.5,3888.0,3704.0,3736.5,3152.5,4678.5,4768.0,14953.0,3967.0,2384.5,5607.0,2009.5,3069.5,-2711.5,1275.5,-363.0,1795.5,-2165.0,-12447.0,336.0,-489.5,-6356.5,-1109.0,-818.5,,-0.28543115075699366,,-0.2056592329261159,,,-1.0336869715230483,,,,,8,4730.0,3385.1695069684606,71.5680656864368,0,5459.03081437653,5515.68519596627,BF00173504,EPA_MIXTURE_006,20,mM,20,mM,DMSO,DTXSID8044882,2358-84-1,Di(ethylene glycol) dimethacrylate,CC(=C)C(=O)OCCOCCOC(=O)C(C)=C,XFCMNSHQOZQILR-UHFFFAOYSA-N,C12H18O5,242.11542368,2D-QSAR-Ready,DTXCID6024882,CC(=C)C(=O)OCCOCCOC(=O)C(C)=C,XFCMNSHQOZQILR-UHFFFAOYSA-N,C12H18O5,242.11542368,1.91,2.24,3.59,1.03,3.39,1.28,0.84,0.76,1.83,2.22,0.73,9.246201939404918,0
831,3.078,242.1136450319,242.0,987,931,1210,1327,2228,896,2950.0,4450.0,3699.5,2332.5,5134.0,8560.5,2821.0,3260.5,148763.5,2953.0,3002.5,1623.0,1320.0,3398.0,1752.0,3258.5,6119.0,3142.5,2578.0,40103.0,1925.0,5063.0,-1327.0,-3130.0,-301.5,-580.5,-1875.5,-2441.5,321.5,-682.5,-108660.5,-1028.0,2060.5,,,,,,,-0.9432221088951254,,,,-0.16351039721433655,9,6389.272727272727,10753.91323143609,168.31200811843289,0,10373.8610121783,29209.9268801754,BF00173504,EPA_MIXTURE_006,20,mM,20,mM,DMSO,DTXSID8044882,2358-84-1,Di(ethylene glycol) dimethacrylate,CC(=C)C(=O)OCCOCCOC(=O)C(C)=C,XFCMNSHQOZQILR-UHFFFAOYSA-N,C12H18O5,242.11542368,2D-QSAR-Ready,DTXCID6024882,CC(=C)C(=O)OCCOCCOC(=O)C(C)=C,XFCMNSHQOZQILR-UHFFFAOYSA-N,C12H18O5,242.11542368,1.91,2.24,3.59,1.03,3.39,1.28,0.84,0.76,1.83,2.22,0.73,7.3462816740529835,0
832,3.93,242.11396503190002,242.0,1324,2378,1557,1046,3328,4130,3226.5,3074.5,2569.5,2562.0,3166.5,21348.5,2968.5,3252.0,24080.0,3224.0,4295.5,2762.5,2274.0,2659.0,1498.5,2507.5,10689.5,3001.0,2972.5,8952.5,2396.0,5600.0,-464.0,-800.5,89.5,-1063.5,-659.0,-10659.0,32.5,-279.5,-15127.5,-828.0,1304.5,,,-1.4580255867052798,,,,-1.960653692283203,,,,-0.5175696399353046,8,4119.363636363636,2877.820151141146,69.86079417066318,0,5092.69929534314,5693.18243722056,BF00173504,EPA_MIXTURE_006,20,mM,20,mM,DMSO,DTXSID8044882,2358-84-1,Di(ethylene glycol) dimethacrylate,CC(=C)C(=O)OCCOCCOC(=O)C(C)=C,XFCMNSHQOZQILR-UHFFFAOYSA-N,C12H18O5,242.11542368,2D-QSAR-Ready,DTXCID6024882,CC(=C)C(=O)OCCOCCOC(=O)C(C)=C,XFCMNSHQOZQILR-UHFFFAOYSA-N,C12H18O5,242.11542368,1.91,2.24,3.59,1.03,3.39,1.28,0.84,0.76,1.83,2.22,0.73,6.024598011143321,0
876,4.199,245.9932850319,246.0,13664,12472,8855,7671,22940,12583,26321.5,32432.0,16270.5,19766.0,41021.0,20041.5,29691.0,10296.5,18009.0,26962.0,31663.0,28066.0,21742.0,26606.5,29872.5,23180.5,25834.0,18379.5,28222.0,19284.0,25624.5,23457.0,1744.5,-10690.0,10336.0,10106.5,-17840.5,5792.5,-11311.5,17925.5,1275.0,-1337.5,-8206.0,-1.1786396612778658,,-0.19704839856147371,-0.2913180106959075,,-0.5390641805886723,,0.2407816545512618,-1.1499794133055623,,,5,24569.863636363636,3541.491391611662,14.413964375326124,1,22881.9051250383,9858.9974675532,BF00173504,EPA_MIXTURE_006,20,mM,20,mM,DMSO,DTXSID7029166,135-76-2,Sodium 6-hydroxynaphthalene-2-sulfonate,[Na+].OC1=CC2=C(C=C1)C=C(C=C2)S([O-])(=O)=O,ZPWQALCOMQRMRK-UHFFFAOYSA-M,C10H7NaO4S,245.99627416000004,2D-QSAR-Ready,DTXCID0027014,OC1=CC2=C(C=C1)C=C(C=C2)S(O)(=O)=O,VVPHSMHEYVOVLH-UHFFFAOYSA-N,C10H8O4S,224.01432991199997,0.56,1.55,-0.83,-4.22,-0.66,-2.45,-4.58,-4.66,-0.36,-1.69,-4.47,12.151111272913358,0
877,3.862,245.9935550319,246.0,12046,8885,6015,6734,6026,10624,12585.5,11075.0,10674.5,20556.5,126560.0,24536.0,15458.0,17202.0,15668.5,22097.5,12251.5,19467.5,12269.5,19404.5,12726.5,51216.5,25947.5,23141.5,18760.0,22570.5,17076.5,12008.5,6882.0,1194.5,8730.0,-7830.0,-75343.5,1411.5,7683.5,1558.0,6902.0,-5021.0,-243.0,-0.26215580570574387,-0.9671575808092104,-0.08733329785317549,,,-1.240122880491491,-0.3035942073534639,-1.0430114899935825,-0.35605246698189996,,,4,21326.272727272728,10419.480277048451,48.857483960259415,0,21569.0885895374,23583.5656844519,BF00173504,EPA_MIXTURE_006,20,mM,20,mM,DMSO,DTXSID7029166,135-76-2,Sodium 6-hydroxynaphthalene-2-sulfonate,[Na+].OC1=CC2=C(C=C1)C=C(C=C2)S([O-])(=O)=O,ZPWQALCOMQRMRK-UHFFFAOYSA-M,C10H7NaO4S,245.99627416000004,2D-QSAR-Ready,DTXCID0027014,OC1=CC2=C(C=C1)C=C(C=C2)S(O)(=O)=O,VVPHSMHEYVOVLH-UHFFFAOYSA-N,C10H8O4S,224.01432991199997,0.56,1.55,-0.83,-4.22,-0.66,-2.45,-4.58,-4.66,-0.36,-1.69,-4.47,11.0535336737306,0
889,9.449,247.0406450319,247.0,135,109,412,387,137,141,329.5,185.5,204.5,18761.5,854.0,694.5,38235.5,23102.0,894.5,1379.5,22483.5,76650.5,105763.0,103345.5,104213.0,108624.5,102963.5,108439.0,107441.5,73133.0,105607.0,102450.0,76321.0,105577.5,103141.0,85451.5,107770.5,102269.0,70203.5,84339.5,72238.5,104227.5,79966.5,2.364788633170055,2.755227460051634,2.702738025434884,0.6584521329561703,2.1010420270770522,2.168071759305982,0.2638919906817939,0.5623814424879511,1.907188374565869,1.8782606160921105,0.5510441694326884,0,99875.5,11970.479482688006,11.985401307315614,1,47314.9320689183,47794.1965650169,BF00173504,EPA_MIXTURE_006,20,mM,20,mM,DMSO,DTXSID9037749,4638-48-6,5-Chlorosalicylanilide,OC1=C(C=C(Cl)C=C1)C(=O)NC1=CC=CC=C1,KGYNGVVNFRUOOZ-UHFFFAOYSA-N,C13H10ClNO2,247.0400063,2D-QSAR-Ready,DTXCID7017749,OC1=C(C=C(Cl)C=C1)C(=O)NC1=CC=CC=C1,KGYNGVVNFRUOOZ-UHFFFAOYSA-N,C13H10ClNO2,247.0400063,3.69,4.83,2.33,0.39,2.83,1.12,0,-0.02,3.2,2.44,0.23,2.585540332425017,0
904,6.179,250.12131503190002,250.0,62647,70019,62446,63232,64585,63876,69130.0,71393.5,78090.0,79158.0,81987.5,82678.5,63245.0,75078.5,76733.0,70658.5,73439.5,75626.0,74859.5,77375.0,76736.0,75768.5,81451.0,79048.0,76600.5,77266.5,76409.0,70980.5,6496.0,3466.0,-715.0,-2422.0,-6219.0,-1227.5,15803.0,1522.0,533.5,5750.5,-2459.0,-1.0270205406493145,-1.313830114986033,,,,,-0.6022866568067913,-1.6931009347935184,-2.1578477542131647,-1.0894588058309322,,5,76556.40909090909,2465.2496906378638,3.220174143369803,1,78025.203661152,27408.5540143346,BF00173504,EPA_MIXTURE_006,20,mM,20,mM,DMSO,DTXSID5031133,131-16-8,Dipropyl phthalate,CCCOC(=O)C1=C(C=CC=C1)C(=O)OCCC,MQHNKCZKNAJROC-UHFFFAOYSA-N,C14H18O4,250.12050906000005,2D-QSAR-Ready,DTXCID3011133,CCCOC(=O)C1=C(C=CC=C1)C(=O)OCCC,MQHNKCZKNAJROC-UHFFFAOYSA-N,C14H18O4,250.12050906000005,3.65,3.97,5.15,3.18,5.04,3.04,2.93,2.89,3.48,4.24,2.89,3.2223343179968715,0
952,9.958,255.0215150319,255.0,154,113,88,119,122,100,106.5,181.5,57.0,261.0,58.0,115.0,787.0,754.0,200.5,203.5,868.0,13775.0,25669.0,27195.0,26048.0,25692.0,25743.5,26248.5,26265.0,16104.5,25975.5,26121.5,13668.5,25487.5,27138.0,25787.0,25634.0,25628.5,25461.5,25511.0,15904.0,25772.0,25253.5,2.108371249333914,2.147450609414065,2.677702982457071,1.994760312921797,2.645388386416997,2.348025347930263,1.5099092530753613,1.5293561368862287,1.899391990097037,2.1025837091130697,1.4638018523414649,0,24076.136363636364,4353.740993731239,18.083221194522537,0,10542.3316004136,12265.3740536445,BF00173504,EPA_MIXTURE_006,20,mM,20,mM,DMSO,DTXSID2020420,23950-58-5,Propyzamide,CC(C)(NC(=O)C1=CC(Cl)=CC(Cl)=C1)C#C,PHNUZKMIPFFYSO-UHFFFAOYSA-N,C12H11Cl2NO,255.0217694,2D-QSAR-Ready,DTXCID80420,CC(C)(NC(=O)C1=CC(Cl)=CC(Cl)=C1)C#C,PHNUZKMIPFFYSO-UHFFFAOYSA-N,C12H11Cl2NO,255.0217694,4.17,5.12,4.29,3,4.68,3.04,2.69,2.67,4.17,4.34,2.8,0.9974368094162062,0
957,6.839,260.0156950319,260.0,126,159,125,0,103,114,85.0,124.5,70.5,21428.0,55.0,3822.5,22115.5,21564.5,545.5,4485.0,20506.0,20036.5,20924.5,23177.5,21265.5,22771.5,22037.5,23115.5,21994.0,23281.5,23692.5,21607.5,19951.5,20800.0,23107.0,-162.5,22716.5,18215.0,1000.0,429.5,22736.0,19207.5,1101.5,2.3705566268013962,2.2228939835310064,2.5155544473531695,,2.6159787296319506,0.678081681493577,-1.3446967625971549,-1.7007762247687623,1.6199193056590337,0.6317083944800188,-1.2698964515511175,1,22173.090909090908,1091.7173047789063,4.923613533426254,1,13294.8587178249,10567.3065408823,BF00173504,EPA_MIXTURE_006,20,mM,20,mM,DMSO,DTXSID4022020,314-40-9,Bromacil,CCC(C)N1C(=O)NC(C)=C(Br)C1=O,CTSLUCNDVMMDHG-UHFFFAOYSA-N,C9H13BrN2O2,260.016041,2D-QSAR-Ready,DTXCID802020,CCC(C)N1C(=O)NC(C)=C(Br)C1=O,CTSLUCNDVMMDHG-UHFFFAOYSA-N,C9H13BrN2O2,260.016041,3.17,2.77,3.13,1.52,2.73,1.81,1.24,1.3,2.28,2.32,1.2,1.3305644476142584,0
992,7.394,268.1283650319,268.0,798,1278,1030,1434,1234,466,1136.0,1132.0,843.5,1311.5,1450.0,22517.5,1352.5,1235.0,11849.5,684.0,2020.0,903.5,1049.0,1532.0,1267.5,1057.5,11983.5,983.5,1735.5,1582.0,579.5,395.5,-232.5,-83.0,688.5,-44.0,-392.5,-10534.0,-369.0,500.5,-10267.5,-104.5,-1624.5,,,-0.08818114233220153,,,,,-0.39226287578034713,,,,9,2097.181818181818,3150.572554550617,150.22887034573148,0,2864.507686241,5001.05229235875,BF00173504,EPA_MIXTURE_006,20,mM,20,mM,DMSO,DTXSID1044982,70693-59-3,2-Amino-N-cyclohexyl-N-methylbenzenesulfonamide,CN(C1CCCCC1)S(=O)(=O)C1=CC=CC=C1N,IPEHSCPRVOWQFQ-UHFFFAOYSA-N,C13H20N2O2S,268.124549066,2D-QSAR-Ready,DTXCID9024982,CN(C1CCCCC1)S(=O)(=O)C1=CC=CC=C1N,IPEHSCPRVOWQFQ-UHFFFAOYSA-N,C13H20N2O2S,268.124549066,3.59,4.75,4.95,2.58,5.13,2.85,2.13,2.12,3.39,4.31,2.21,14.232064588251026,0
1042,7.204,270.0615650319,270.0,114,304,252,330,159,163,1310.5,9585.5,12848.5,16231.0,14821.0,16389.0,17130.0,15668.0,13642.0,13280.0,16374.0,11498.0,17986.5,18643.0,21046.5,21845.0,19790.5,21353.5,21446.0,18155.0,21074.5,16459.0,10187.5,8401.0,5794.5,4815.5,7024.0,3401.5,4223.5,5778.0,4513.0,7794.5,85.0,0.8906305964654138,-0.05728378681707987,-0.3458364616537608,-0.5277038905538045,-0.3242930043775339,-0.6828819799376586,-0.6080848644468467,-0.4332360253676501,-0.48041271167498345,-0.23140981364768487,-2.2847358603392474,0,19027.045454545456,2912.821207059836,15.308846631067356,0,14009.38487857,7095.56308127627,BF00173504,EPA_MIXTURE_006,20,mM,20,mM,DMSO,DTXSID9023201,75706-12-6,Leflunomide,CC1=C(C=NO1)C(=O)NC1=CC=C(C=C1)C(F)(F)F,VHOGYURTWQBHIL-UHFFFAOYSA-N,C12H9F3N2O2,270.061612027,2D-QSAR-Ready,DTXCID103201,CC1=C(C=NO1)C(=O)NC1=CC=C(C=C1)C(F)(F)F,VHOGYURTWQBHIL-UHFFFAOYSA-N,C12H9F3N2O2,270.061612027,2.59,3.36,2.92,0.81,3.1,1.28,0.55,0.48,2.39,2.35,0.58,0.17401621682823837,0
1043,9.872,270.0623950319,270.0,0,366,370,105,305,171,313.0,361.0,201.5,61591.0,227.5,164.0,67292.5,65475.0,241.0,353.5,67094.0,51288.0,131719.5,147180.0,135482.5,137388.0,134585.0,140719.0,137942.0,77575.0,137397.5,138847.5,50975.0,131358.5,146978.5,73891.5,137160.5,134421.0,73426.5,72467.0,77334.0,137044.0,71753.5,2.211812896903729,2.560950978632175,2.8629787603645203,0.07907722742841077,2.7802476586142926,2.9136232738820116,0.037886164128125344,0.04406477560345887,2.506353431498179,2.5884706080692474,0.02915940563521407,0,124556.72727272728,29127.90510549481,23.385252441417194,0,64109.9242128858,60778.1241875445,BF00173504,EPA_MIXTURE_006,20,mM,20,mM,DMSO,DTXSID9023201,75706-12-6,Leflunomide,CC1=C(C=NO1)C(=O)NC1=CC=C(C=C1)C(F)(F)F,VHOGYURTWQBHIL-UHFFFAOYSA-N,C12H9F3N2O2,270.061612027,2D-QSAR-Ready,DTXCID103201,CC1=C(C=NO1)C(=O)NC1=CC=C(C=C1)C(F)(F)F,VHOGYURTWQBHIL-UHFFFAOYSA-N,C12H9F3N2O2,270.061612027,2.59,3.36,2.92,0.81,3.1,1.28,0.55,0.48,2.39,2.35,0.58,2.8993565360703735,0
1105,3.628,277.0389850319,277.0,207,120,119,0,187,0,21844.5,24116.5,28306.0,41417.5,27315.5,41298.5,38740.0,42546.5,28185.0,37430.5,42867.0,39592.0,39540.0,41777.0,41155.0,43381.5,43566.5,44127.5,42859.5,42964.0,43289.0,42675.0,17747.5,15423.5,13471.0,-262.5,16066.0,2268.0,5387.5,313.0,14779.0,5858.5,-192.0,-0.09020492372211364,-0.1941313415800549,-0.32247866619760857,,-0.2305013918938557,-1.26029122774175,-0.856772333214304,-2.133319502004451,-0.2803729900212518,-0.805439194239849,,2,42266.09090909091,1492.6752343935705,3.5316141197068087,1,32916.1317366058,14748.084738864,BF00173504,EPA_MIXTURE_006,20,mM,20,mM,DMSO,DTXSID4020119,446-86-6,Azathioprine,CN1C=NC(=C1SC1=NC=NC2=C1NC=N2)[N+]([O-])=O,LMEKQMALGUDUQG-UHFFFAOYSA-N,C9H7N7O2S,277.03819366700003,2D-QSAR-Ready,DTXCID00119,CN1C=NC(=C1SC1=NC=NC2=C1NC=N2)[N+]([O-])=O,LMEKQMALGUDUQG-UHFFFAOYSA-N,C9H7N7O2S,277.03819366700003,-0.02,0.91,-0.9,-5.35,-1.09,-3.13,-5.93,-5.94,-1.52,-2.46,-5.82,2.856519130010541,0
1119,9.497,278.1522950319,278.0,3313,8250,7517,6350,5810,4528,8028.5,8366.5,9045.0,5404.0,8402.5,8329.0,9316.5,7239.5,9012.0,7519.5,8320.0,7137.0,7979.0,7773.0,5145.5,5923.5,5058.0,7480.5,8460.5,7477.5,9124.0,7681.0,-891.5,-387.5,-1272.0,-258.5,-2479.0,-3271.0,-1836.0,1221.0,-1534.5,1604.5,-639.0,,,,,,,,-0.7729929085037182,,-0.6708492422372121,,9,7203.590909090909,1245.1822578931572,17.285577062985922,0,8450.61142865349,7437.55777175298,BF00173504,EPA_MIXTURE_006,20,mM,20,mM,DMSO,DTXSID2025680,4376-20-9,MEHP,CCCCC(CC)COC(=O)C1=CC=CC=C1C(O)=O,DJDSLBVSSOQSLW-UHFFFAOYSA-N,C16H22O4,278.15180918799996,2D-QSAR-Ready,DTXCID105680,CCCCC(CC)COC(=O)C1=CC=CC=C1C(O)=O,DJDSLBVSSOQSLW-UHFFFAOYSA-N,C16H22O4,278.15180918799996,5.1,5.56,4.45,2.56,4.72,2.45,2.36,2.26,4.87,4.13,2.51,1.7466861044533988,0
1121,10.634,278.15253503189996,278.0,436366,430158,399405,385114,400455,380796,445286.5,441799.0,482027.0,454462.0,468431.0,475465.0,458907.5,466548.0,439756.0,461768.0,423790.5,460341.0,448823.5,469876.0,463525.0,461814.0,475629.5,468032.5,461889.0,443558.0,468353.0,441355.5,15054.5,7024.5,-12151.0,9063.0,-6617.0,164.5,9125.0,-4659.0,3802.0,6585.0,17565.0,-1.4709731925689273,-1.79860931168504,,-1.7002255953972696,,-3.460952650814324,-1.7014922823695846,,-2.063199661123929,-1.8458680542098433,-1.3825030628908532,3,460290.63636363635,10606.399725660724,2.304283182784868,1,507211.367034314,395664.907761214,BF00173504,EPA_MIXTURE_006,20,mM,20,mM,DMSO,DTXSID2025680,4376-20-9,MEHP,CCCCC(CC)COC(=O)C1=CC=CC=C1C(O)=O,DJDSLBVSSOQSLW-UHFFFAOYSA-N,C16H22O4,278.15180918799996,2D-QSAR-Ready,DTXCID105680,CCCCC(CC)COC(=O)C1=CC=CC=C1C(O)=O,DJDSLBVSSOQSLW-UHFFFAOYSA-N,C16H22O4,278.15180918799996,5.1,5.56,4.45,2.56,4.72,2.45,2.36,2.26,4.87,4.13,2.51,2.609524281429911,0
1123,9.737,278.1526350319,278.0,76871,74393,65752,70998,67701,68272,86375.5,82222.0,89767.5,86956.0,89491.5,90060.5,89237.5,93166.0,88757.0,89184.5,89082.0,86125.5,90906.0,89163.0,89631.5,91252.0,91601.0,90410.0,92760.5,90465.5,89789.5,92631.5,-250.0,8684.0,-604.5,2675.5,1760.5,1540.5,1172.5,-405.5,1708.5,605.0,3549.5,,-0.9762682217388127,,-1.511894598561406,-1.7061457581063333,-1.7668726511069568,-1.8814345435795299,,-1.7155876314542078,-2.1685340071967647,-1.3996227784042827,3,90430.54545454546,1751.2292365201579,1.9365461390481231,1,96889.1355698529,69247.8921527369,BF00173504,EPA_MIXTURE_006,20,mM,20,mM,DMSO,DTXSID2025680,4376-20-9,MEHP,CCCCC(CC)COC(=O)C1=CC=CC=C1C(O)=O,DJDSLBVSSOQSLW-UHFFFAOYSA-N,C16H22O4,278.15180918799996,2D-QSAR-Ready,DTXCID105680,CCCCC(CC)COC(=O)C1=CC=CC=C1C(O)=O,DJDSLBVSSOQSLW-UHFFFAOYSA-N,C16H22O4,278.15180918799996,5.1,5.56,4.45,2.56,4.72,2.45,2.36,2.26,4.87,4.13,2.51,2.969040188673758,0
1125,10.11,278.1526950319,278.0,11587,12710,6225,9423,5719,9030,19170.0,15464.5,10470.5,14632.0,13075.5,15058.0,15621.0,17761.5,15182.5,15124.5,13594.5,19864.5,16353.0,18083.0,20035.0,17775.5,14819.5,17727.5,16028.5,15433.5,16039.5,18967.0,694.5,888.5,7612.5,5403.0,4700.0,-238.5,2106.5,-1733.0,251.0,915.0,5372.5,-1.4409498628044282,-1.240678450765525,-0.1384401154893079,-0.4326687249291647,-0.444360447105629,,-0.8701473689324881,,-1.7816695683135628,-1.218259932178373,-0.4031868148851432,2,17375.136363636364,1693.1601316487931,9.744730033844979,1,15922.6843692555,5349.33476844978,BF00173504,EPA_MIXTURE_006,20,mM,20,mM,DMSO,DTXSID2025680,4376-20-9,MEHP,CCCCC(CC)COC(=O)C1=CC=CC=C1C(O)=O,DJDSLBVSSOQSLW-UHFFFAOYSA-N,C16H22O4,278.15180918799996,2D-QSAR-Ready,DTXCID105680,CCCCC(CC)COC(=O)C1=CC=CC=C1C(O)=O,DJDSLBVSSOQSLW-UHFFFAOYSA-N,C16H22O4,278.15180918799996,5.1,5.56,4.45,2.56,4.72,2.45,2.36,2.26,4.87,4.13,2.51,3.184749733020067,0
1325,6.223,308.10538503189997,308.0,161,0,221,153,101,406,50763.0,14978.0,12617.5,125486.0,22528.0,95554.0,121181.0,127924.0,108360.5,111248.0,122778.5,126406.5,129753.0,129041.0,126877.0,135872.0,127724.0,133528.0,126663.0,132227.0,131283.5,125242.0,75643.5,114775.0,116423.5,1391.0,113344.0,32170.0,12347.0,-1261.0,23866.5,20035.5,2463.5,0.17322433511473992,0.8843934751875753,0.9650673377863813,-1.9552681459293753,0.7016758977119437,-0.4727978109345561,-0.9918730838799549,,-0.6570822655043905,-0.7444920270132063,-1.697569756636786,1,129510.63636363637,3212.2095913370417,2.4802670124466757,1,91717.2072263232,52431.8747662067,BF00173504,EPA_MIXTURE_006,20,mM,20,mM,DMSO,DTXSID5023742,81-81-2,Warfarin,CC(=O)CC(C1=CC=CC=C1)C1=C(O)C2=CC=CC=C2OC1=O,PJVWKTKQMONHTI-UHFFFAOYSA-N,C19H16O4,308.104858995,2D-QSAR-Ready,DTXCID703742,CC(=O)CC(C1=CC=CC=C1)C1=C(O)C2=CC=CC=C2OC1=O,PJVWKTKQMONHTI-UHFFFAOYSA-N,C19H16O4,308.104858995,2.29,2.89,2.71,-0.78,2.4,0.26,-1.35,-1.29,1.29,1.25,-1.28,1.7073307500384256,0
1338,5.377,309.1692050319,309.0,188,142,193,0,112,104,105.5,56.0,114.5,0.0,53.5,146.0,125.0,66.5,96153.0,0.0,174.5,50.0,142.5,113.5,101.0,225.0,100.0,130.0,52.0,26818.0,61.0,185.5,-55.5,86.5,-1.0,101.0,171.5,-46.0,5.0,-14.5,-69335.0,61.0,11.0,,0.18882808045861382,,,0.5059103423575608,,-1.3979400086720375,,,,-1.2004027461369737,7,2543.5,7676.446023092623,301.80640940014246,0,4922.8550974528,19336.4548712083,BF00173504,EPA_MIXTURE_006,20,mM,20,mM,DMSO,DTXSID8024157,33820-53-0,Isopropalin,CCCN(CCC)C1=C(C=C(C=C1[N+]([O-])=O)C(C)C)[N+]([O-])=O,NEKOXWSIMFDGMA-UHFFFAOYSA-N,C15H23N3O4,309.168856233,2D-QSAR-Ready,DTXCID904157,CCCN(CCC)C1=C(C=C(C=C1[N+]([O-])=O)C(C)C)[N+]([O-])=O,NEKOXWSIMFDGMA-UHFFFAOYSA-N,C15H23N3O4,309.168856233,3.81,4.81,5.73,3.54,5.75,3.51,3.07,3.12,3.84,4.88,3.1,1.1281825221862571,0
1402,15.442,314.2820250319,314.0,29626,23946,17561,22187,34377,29639,23993.5,26000.5,34635.5,28898.5,33418.0,31001.0,30634.5,29071.5,35403.5,27026.0,27971.5,33628.5,34671.0,34977.5,22568.0,30649.5,25028.5,31004.5,18545.5,20833.0,33816.5,28451.0,9635.0,8670.5,342.0,-6330.5,-2768.5,-5972.5,370.0,-10526.0,-14570.5,6790.5,479.5,-0.39624188536717475,-0.47693755713556024,-2.005495355461217,,,,-1.9180090723354963,,,-0.5998800188781905,-1.7659271449705092,5,28561.227272727272,5645.391219085612,19.765926601047422,0,29210.3594132966,6845.7666797401,BF00173504,EPA_MIXTURE_006,20,mM,20,mM,DMSO,DTXSID8027086,141-23-1,Methyl 12-hydroxyoctadecanoate,CCCCCCC(O)CCCCCCCCCCC(=O)OC,RVWOWEQKPMPWMQ-UHFFFAOYSA-N,C19H38O3,314.282095084,2D-QSAR-Ready,DTXCID507086,CCCCCCC(O)CCCCCCCCCCC(=O)OC,RVWOWEQKPMPWMQ-UHFFFAOYSA-N,C19H38O3,314.282095084,6.99,7.07,7.6,6.2,7.56,5.24,5.9,5.92,6.89,7.09,6.01,0.22289561224021098,0
1404,16.244,314.2826050319,314.0,32717,34163,38365,30593,39832,38282,36628.5,32381.0,38644.5,37576.0,40084.0,34910.5,39351.0,30850.5,35784.5,39199.0,33082.5,37404.0,28986.0,40433.0,39187.5,41633.5,34607.0,35530.5,37823.5,33391.0,35885.5,31123.5,775.5,-3395.0,1788.5,1611.5,1549.5,-303.5,-3820.5,6973.0,-2393.5,-3313.5,-1959.0,-1.6742373317739574,,-1.3345987480870753,-1.367680237326839,-1.4127794728838838,,,-0.645842541915761,,,,6,36000.454545454544,3677.9645090392146,10.21643908522149,1,36119.3621706495,4786.88722942966,BF00173504,EPA_MIXTURE_006,20,mM,20,mM,DMSO,DTXSID8027086,141-23-1,Methyl 12-hydroxyoctadecanoate,CCCCCCC(O)CCCCCCCCCCC(=O)OC,RVWOWEQKPMPWMQ-UHFFFAOYSA-N,C19H38O3,314.282095084,2D-QSAR-Ready,DTXCID507086,CCCCCCC(O)CCCCCCCCCCC(=O)OC,RVWOWEQKPMPWMQ-UHFFFAOYSA-N,C19H38O3,314.282095084,6.99,7.07,7.6,6.2,7.56,5.24,5.9,5.92,6.89,7.09,6.01,1.6225801850957768,0
1452,9.036,323.1276050319,323.0,591,102,162,102,317,116,275.5,2303.0,281.5,45324.5,2290.0,21726.5,43789.5,38270.5,697.5,32944.0,42360.0,30681.5,45329.0,50243.0,45489.5,45919.0,47220.5,46880.0,44736.5,41694.0,45433.0,44867.0,30406.0,43026.0,49961.5,165.0,43629.0,25494.0,3090.5,6466.0,40996.5,12489.0,2507.0,2.0428376879794103,1.2714370349211304,2.249157069584861,-2.4388490776338676,1.2799397764993503,0.06944821157756181,-1.1513412384042523,-0.7722284359971052,1.7692025692724,-0.42124866366751634,-1.2278016174772308,0,44408.454545454544,4762.743515389888,10.724857606821136,1,28225.5467396156,20436.3465030488,BF00173504,EPA_MIXTURE_006,20,mM,20,mM,DMSO,DTXSID4047254,220860-50-4,CP-457920,CCOC1=NC2=C(NC=C(C(=O)NCC3=CC=CC=C3)C2=O)C=C1,DGFVZQGXKQCQGK-UHFFFAOYSA-N,C18H17N3O3,323.1269914189999,2D-QSAR-Ready,DTXCID2027254,CCOC1=NC2=C(NC=C(C(=O)NCC3=CC=CC=C3)C2=O)C=C1,DGFVZQGXKQCQGK-UHFFFAOYSA-N,C18H17N3O3,323.1269914189999,1.97,2.21,1.04,-2.74,0.58,-1.31,-3.31,-3.22,0.56,-0.56,-3.21,1.8989837319350422,0
1523,7.615,330.1851650319,330.0,4007,2290,2860,4003,3954,4812,7885.0,6864.5,5848.5,4651.5,13365.5,7310.0,7210.0,5371.0,5332.5,4405.5,4659.0,5948.0,4911.0,5163.0,4941.5,5190.5,4749.0,5275.0,4962.0,4936.0,5372.5,3733.5,-1937.0,-1953.5,-685.5,290.0,-8175.0,-2561.0,-1935.0,-409.0,-396.5,967.0,-925.5,,,,-1.2051950273940515,,,,,,-0.6585687314954798,,9,5016.545454545455,509.6201550952816,10.158786753013839,1,6136.76555319393,4688.34395472293,BF00173504,EPA_MIXTURE_006,4,mM,20,mM,DMSO,DTXSID5025021,84-61-7,Dicyclohexyl phthalate,O=C(OC1CCCCC1)C1=C(C=CC=C1)C(=O)OC1CCCCC1,VOWAEIGWURALJQ-UHFFFAOYSA-N,C20H26O4,330.183109317,2D-QSAR-Ready,DTXCID505021,O=C(OC1CCCCC1)C1=C(C=CC=C1)C(=O)OC1CCCCC1,VOWAEIGWURALJQ-UHFFFAOYSA-N,C20H26O4,330.183109317,5.75,6.38,7.44,5.44,7.38,4.97,4.96,5.01,5.46,6.71,5.05,6.225984437083749,0
1627,9.727,342.0326350319,342.0,314,292,114,156,181,0,133.0,146.5,217.0,359.5,225.0,256.5,784.5,543.5,160.5,104.0,561.0,14131.5,25168.0,27094.0,26440.0,24395.5,23023.0,26711.5,23848.5,16090.0,24958.5,24691.0,13998.5,25021.5,26877.0,26080.5,24170.5,22766.5,25927.0,23305.0,15929.5,24854.5,24130.0,2.02222986066658,2.232475716726266,2.0929210574619534,1.8606170184590574,2.031103116367241,1.9482089001870104,1.5191593197595934,1.632249558846291,1.99672710750664,2.3783716915266653,1.6335944606526245,0,23322.863636363636,4064.085931507562,17.425329903190267,0,10222.5180584777,11843.8405724113,BF00173504,EPA_MIXTURE_006,20,mM,20,mM,DMSO,DTXSID6034392,188425-85-6,Boscalid,ClC1=CC=C(C=C1)C1=C(NC(=O)C2=C(Cl)N=CC=C2)C=CC=C1,WYEMLYFITZORAB-UHFFFAOYSA-N,C18H12Cl2N2O,342.0326684,2D-QSAR-Ready,DTXCID4014392,ClC1=CC=C(C=C1)C1=C(NC(=O)C2=C(Cl)N=CC=C2)C=CC=C1,WYEMLYFITZORAB-UHFFFAOYSA-N,C18H12Cl2N2O,342.0326684,5.11,6.61,5.67,3.79,6.01,4,3.1,3.23,4.76,5.62,3.34,0.09755822491354942,0
1661,9.195,352.2102750319,352.0,145,92,290,127,122,88,233.5,133.0,360.5,120.5,289.5,561558.5,398.5,164.5,145.5,255.5,203.0,408.5,222.5,185.5,267.5,134.5,212320.0,210.0,294.0,109.5,192.0,157.0,175.0,89.5,-175.0,147.0,-155.0,-349238.5,-188.5,129.5,-36.0,-63.5,-46.0,-0.12524883621583652,-0.17202860565117378,,0.08633028783728894,,,,-0.10389613386872246,,,,7,19500.090909090908,60975.0603819516,312.69115957569784,0,30548.1560653986,116122.812257857,BF00173504,EPA_MIXTURE_006,20,mM,20,mM,DMSO,DTXSID4034948,112410-23-8,Tebufenozide,CCC1=CC=C(C=C1)C(=O)NN(C(=O)C1=CC(C)=CC(C)=C1)C(C)(C)C,QYPNKSZPJQQLRK-UHFFFAOYSA-N,C22H28N2O2,352.21507815,2D-QSAR-Ready,DTXCID2014948,CCC1=CC=C(C=C1)C(=O)NN(C(=O)C1=CC(C)=CC(C)=C1)C(C)(C)C,QYPNKSZPJQQLRK-UHFFFAOYSA-N,C22H28N2O2,352.21507815,6.01,7.55,6.7,4.87,7.17,4.57,4.31,4.37,6.24,6.61,4.55,13.636889497339409,0
1662,11.403,352.2157150319,352.0,566,709,2432,105,1287,940,3562.0,1777.5,2291.0,5873.0,2364.0,18807.5,13938.0,11345.5,1987.0,877.0,13765.0,19023.0,122092.0,128947.5,127902.0,102500.5,118932.0,124130.5,118179.5,34856.5,121329.5,117972.0,15461.0,120314.5,126656.5,122029.0,100136.5,100124.5,110192.5,106834.0,32869.5,120452.5,104207.0,0.6375436650396068,1.830508361167524,1.7426023934622012,1.317603051498351,1.6269449355322163,0.7262092898341961,0.8979515760790833,0.9738858490861281,1.218595230677543,2.1378162248739874,0.8791206775073285,0,103260.45454545454,36734.84656318386,35.57494175760522,0,47913.9795524747,54642.4548878484,BF00173504,EPA_MIXTURE_006,20,mM,20,mM,DMSO,DTXSID4034948,112410-23-8,Tebufenozide,CCC1=CC=C(C=C1)C(=O)NN(C(=O)C1=CC(C)=CC(C)=C1)C(C)(C)C,QYPNKSZPJQQLRK-UHFFFAOYSA-N,C22H28N2O2,352.21507815,2D-QSAR-Ready,DTXCID2014948,CCC1=CC=C(C=C1)C(=O)NN(C(=O)C1=CC(C)=CC(C)=C1)C(C)(C)C,QYPNKSZPJQQLRK-UHFFFAOYSA-N,C22H28N2O2,352.21507815,6.01,7.55,6.7,4.87,7.17,4.57,4.31,4.37,6.24,6.61,4.55,1.808218726291669,0
1671,13.366,353.8840450319,354.0,203,0,0,0,103,0,66.5,238.5,963.0,1623.5,579.5,206.0,2280.0,1619.0,158.5,544.0,3607.0,438.5,14557.5,17210.0,25837.5,20738.0,3932.5,31048.0,26006.5,4015.0,27830.5,28789.5,372.0,14319.0,16247.0,24214.0,20158.5,3726.5,28768.0,24387.5,3856.5,27286.5,25182.5,0.747721294578793,1.7784243057097737,1.22714689334564,1.1736142451139255,1.5414047726941487,1.257433905197116,1.100974823052681,1.1779204336492008,1.3861640691447716,1.7003489332172803,0.8439527003045365,0,18218.5,10575.100437949857,58.04594471526118,0,8330.99984456979,11248.1206073566,BF00173504,EPA_MIXTURE_006,20,mM,20,mM,DMSO,DTXSID9021342,97-18-7,Bithionol,OC1=C(Cl)C=C(Cl)C=C1SC1=C(O)C(Cl)=CC(Cl)=C1,JFIOVJDNOJYLKP-UHFFFAOYSA-N,C12H6Cl4O2S,353.8842614,2D-QSAR-Ready,DTXCID701342,OC1=C(Cl)C=C(Cl)C=C1SC1=C(O)C(Cl)=CC(Cl)=C1,JFIOVJDNOJYLKP-UHFFFAOYSA-N,C12H6Cl4O2S,353.8842614,6.19,6.98,4.75,3.34,5.08,3.56,2.78,2.88,5.26,5.13,3.09,0.6114092194581808,0
1700,11.072,366.0956550319,366.0,126,291,293,279,109,0,253.0,91.5,181.0,125.0,299.5,146.0,74.0,218.5,138.5,83.0,56.0,288.0,192.0,109.0,74.0,250.5,188.5,147.5,133.5,108.5,144.5,499.5,35.0,100.5,-72.0,-51.0,-49.0,42.5,73.5,-85.0,-30.0,61.5,443.5,-0.8590524768255423,0.04074496769005944,,,,-0.5359639257341255,-0.002944380646781307,,,-0.13020297660065716,0.8987055971615447,5,194.13636363636363,113.85818350216739,58.64856092361702,0,2149.63444309609,14109.1098162185,BF00173504,EPA_MIXTURE_006,20,mM,20,mM,DMSO,DTXSID5034303,81406-37-3,Fluroxypyr-meptyl,CCCCCCC(C)OC(=O)COC1=NC(F)=C(Cl)C(N)=C1Cl,OLZQTUCTGLHFTQ-UHFFFAOYSA-N,C15H21Cl2FN2O3,366.0913261,2D-QSAR-Ready,DTXCID3014303,CCCCCCC(C)OC(=O)COC1=NC(F)=C(Cl)C(N)=C1Cl,OLZQTUCTGLHFTQ-UHFFFAOYSA-N,C15H21Cl2FN2O3,366.0913261,5.26,5.93,6.13,4.11,6.19,3.86,3.69,3.71,5.04,5.51,3.8,11.82473222212967,0
1727,16.602,382.1493050319,382.0,328,348,132,152,1171,552,322.0,651.5,382.5,356.0,352.0,524.0,279.5,480.0,275.5,396.0,271.5,247.5,417.5,700.5,319.5,244.0,435.0,545.0,459.0,315.0,236.5,335.5,-74.5,-234.0,318.0,-36.5,-108.0,-89.0,265.5,-21.0,39.5,-159.5,64.0,,,-0.08020431950520371,,,,-0.022317286804954227,,-0.8435245075613436,,-0.6275898599409786,7,386.8181818181818,137.05212557259716,35.43063175789821,0,1591.22989789177,8542.62990148434,BF00173504,EPA_MIXTURE_006,20,mM,20,mM,DMSO,DTXSID2023224,79794-75-5,Loratadine,CCOC(=O)N1CCC(CC1)=C1C2=C(CCC3=C1N=CC=C3)C=C(Cl)C=C2,JCCNYMKQOSZNPW-UHFFFAOYSA-N,C22H23ClN2O2,382.1448057,2D-QSAR-Ready,DTXCID903224,CCOC(=O)N1CCC(CC1)=C1C2=C(CCC3=C1N=CC=C3)C=C(Cl)C=C2,JCCNYMKQOSZNPW-UHFFFAOYSA-N,C22H23ClN2O2,382.1448057,5.88,6.74,7.65,5.56,7.51,5.29,4.84,5.02,5.38,6.92,4.98,11.773892600049653,0
1747,13.428,397.1536650319,397.0,27362,27014,20850,24287,22767,25737,31582.0,29299.0,33880.5,29265.0,31281.0,28420.5,28541.5,29612.5,27756.0,29277.5,26534.0,28555.5,28906.5,24328.0,28056.0,37151.5,28752.0,28982.5,20946.0,21508.5,21752.5,25649.0,-3026.5,-392.5,-9552.5,-1209.0,5870.5,331.5,441.0,-8666.5,-6247.5,-7525.0,-885.0,,,,,-0.726605535872703,-1.9331481814323201,-1.8110382042794049,,,,,8,26780.727272727272,4472.154907483519,16.699154066804727,0,28797.4590035233,8918.95750395558,BF00173504,EPA_MIXTURE_006,20,mM,20,mM,DMSO,DTXSID5047291,NOCAS_47291,CI-1044,NC1=CC2=C3N(CCC3=C1)C(=O)[C@H](NC(=O)C1=CC=CN=C1)N=C2C1=CC=CC=C1,XGXOSJSGDNPEEF-NRFANRHFSA-N,C23H19N5O2,397.153874872,2D-QSAR-Ready,DTXCID90210212,Nc1cc2CCN3c2c(c1)C(=NC(NC(=O)c1cccnc1)C3=O)c1ccccc1,XGXOSJSGDNPEEF-UHFFFAOYSA-N,C23H19N5O2,397.153874872,1.85,2.11,1.81,-2.11,0.86,-0.42,-3.15,-2.75,-0.04,-0.18,-3.06,0.5283596945395547,0
1751,13.737,403.85041503189996,404.0,0,0,150,0,0,124,0.0,56.5,160.0,466.0,67.5,0.0,993.5,267.5,87.5,281.0,75.0,168.0,6853.0,9527.0,24138.0,17437.0,1916.0,23860.0,20713.5,2503.5,23183.5,22752.0,168.0,6796.5,9367.0,23672.0,17369.5,1916.0,22866.5,20446.0,2416.0,22902.5,22677.0,,2.0802368734154286,1.7674805375741343,1.7058490354625764,2.4104835441557206,,1.3620318241180438,1.8832845701012761,1.441088876926781,1.911176571908345,2.4805243366694314,2,13913.772727272728,9333.903086850149,67.08391224872126,0,6103.68960002824,9258.19237766953,BF00173504,EPA_MIXTURE_006,20,mM,20,mM,DMSO,DTXSID6020690,70-30-4,Hexachlorophene,OC1=C(CC2=C(Cl)C(Cl)=CC(Cl)=C2O)C(Cl)=C(Cl)C=C1Cl,ACGUYXCXAPNIKK-UHFFFAOYSA-N,C13H6Cl6O2,403.8498956,2D-QSAR-Ready,DTXCID40690,OC1=C(CC2=C(Cl)C(Cl)=CC(Cl)=C2O)C(Cl)=C(Cl)C=C1Cl,ACGUYXCXAPNIKK-UHFFFAOYSA-N,C13H6Cl6O2,403.8498956,6.46,6.99,4.82,2.83,5.06,3.01,2.37,2.38,5.41,4.83,2.68,1.2862004066134833,0
1803,11.991,427.8847750319,428.0,225536,226486,208518,217915,222478,212551,247350.0,238289.5,262437.5,240137.0,246200.0,252743.0,235456.0,242186.0,233138.5,237058.0,231436.5,257032.5,234836.0,255264.0,242644.5,251353.0,244205.5,235592.5,242110.5,236211.0,245299.5,239034.0,9682.5,-3453.5,-7173.5,2507.5,5153.0,-8537.5,136.5,-75.5,3072.5,8241.5,7597.5,-1.4073244090420798,,,-1.9812181390552397,-1.6792279061342228,,-3.2367771104382395,,-1.880122106358896,-1.4588483530812477,-1.4837611441287848,4,243962.0909090909,7372.601017582792,3.022027311747418,1,261122.953125,149417.874526388,BF00173504,EPA_MIXTURE_006,20,mM,20,mM,DMSO,DTXSID9026261,13674-87-8,"Tris(1,3-dichloro-2-propyl) phosphate",ClCC(CCl)OP(=O)(OC(CCl)CCl)OC(CCl)CCl,ASLWPAWFJZFCKF-UHFFFAOYSA-N,C9H15Cl6O4P,427.88391220000005,2D-QSAR-Ready,DTXCID206261,ClCC(CCl)OP(=O)(OC(CCl)CCl)OC(CCl)CCl,ASLWPAWFJZFCKF-UHFFFAOYSA-N,C9H15Cl6O4P,427.88391220000005,3.34,5.3,5.84,2.87,6.29,3,2.42,2.32,3.86,4.98,2.5,2.0165093272962005,0
1804,11.619,427.8849650319,428.0,3621,4384,4632,3577,4228,4061,4968.0,4210.5,5500.0,5239.5,4867.0,5342.0,4933.5,4676.5,4998.5,4920.5,5106.5,5390.5,5193.5,5689.0,5130.5,5359.0,5627.0,4878.0,4366.5,5642.0,5010.5,4859.5,422.5,983.0,189.0,-109.0,492.0,285.0,-55.5,-310.0,643.5,90.0,-247.0,-1.0703548738828126,-0.6317801538579848,-1.4639008853209996,,-0.9952962434761461,-1.2728590236768438,,,-0.8902911452038811,-1.7377667267036034,,4,5195.090909090909,385.32741792956347,7.417144852177227,1,5404.83567421109,3204.65530927323,BF00173504,EPA_MIXTURE_006,20,mM,20,mM,DMSO,DTXSID9026261,13674-87-8,"Tris(1,3-dichloro-2-propyl) phosphate",ClCC(CCl)OP(=O)(OC(CCl)CCl)OC(CCl)CCl,ASLWPAWFJZFCKF-UHFFFAOYSA-N,C9H15Cl6O4P,427.88391220000005,2D-QSAR-Ready,DTXCID206261,ClCC(CCl)OP(=O)(OC(CCl)CCl)OC(CCl)CCl,ASLWPAWFJZFCKF-UHFFFAOYSA-N,C9H15Cl6O4P,427.88391220000005,3.34,5.3,5.84,2.87,6.29,3,2.42,2.32,3.86,4.98,2.5,2.4605550008017616,0
1824,9.605,432.1774750319,432.0,2641,2439,884,1223,878,1580,1964.0,1398.0,1185.5,2777.5,1590.5,2612.0,1940.5,3231.0,1631.0,2392.5,2290.0,1223.5,2715.0,1936.5,2917.0,1544.5,1899.5,2494.5,3292.0,1996.0,2287.0,2559.5,-740.5,1317.0,751.0,139.5,-46.0,-712.5,554.0,61.0,365.0,-105.5,269.5,,-0.02592139644787877,-0.19826162131003855,-1.299079860003289,,,-0.544403882347604,-1.724007123006877,-0.6501610965838011,,-0.9292767128171305,4,2260.4545454545455,583.0715087341523,25.794436340541626,0,2431.0741966098,2414.58957762954,BF00173504,EPA_MIXTURE_006,20,mM,20,mM,DMSO,DTXSID7047356,473289-62-2,Ilepatril,CC(C)[C@H](SC(C)=O)C(=O)N[C@H]1CC2=C(C=CC=C2)[C@H]2CCC[C@H](N2C1=O)C(O)=O,FXKFFTMLFPWYFH-RDGPPVDQSA-N,C22H28N2O5S,432.17189318399994,2D-QSAR-Ready,DTXCID40210227,CC(C)C(SC(C)=O)C(=O)NC1CC2=C(C=CC=C2)C2CCCC(N2C1=O)C(O)=O,FXKFFTMLFPWYFH-UHFFFAOYSA-N,C22H28N2O5S,432.17189318399994,2.66,4.08,2.34,-2.4,2.32,-1.01,-3.09,-3.07,1.85,0.68,-2.86,12.915805002746296,0
1903,15.417,492.09705503189997,492.0,1399,1121,973,2154,1782,940,630.5,582.5,666.0,435.5,498.0,386.5,365.5,325.5,1178.0,142.0,706.0,966.0,522.0,456.0,350.5,220.0,375.5,416.5,207.5,565.0,99.0,545.5,335.5,-60.5,-210.0,-85.0,-278.0,-11.0,51.0,-118.0,-613.0,-43.0,-160.5,-0.27399256640408953,,,,,,-0.8553172051959429,,,,,9,429.40909090909093,221.69541125585081,51.62801998125032,0,4097.83557188745,25033.4961017565,BF00173504,EPA_MIXTURE_006,20,mM,20,mM,DMSO,DTXSID9022817,1260-17-9,Carminic acid,CC1=C2C(=O)C3=C(C(O)=C(O)C([C@@H]4O[C@H](CO)[C@@H](O)[C@H](O)[C@H]4O)=C3O)C(=O)C2=CC(O)=C1C(O)=O,DGQLVPJVXFOQEV-JNVSTXMASA-N,C22H20O13,492.090390704,2D-QSAR-Ready,DTXCID00209218,CC1=C2C(=O)C3=C(C(O)=C(O)C(C4OC(CO)C(O)C(O)C4O)=C3O)C(=O)C2=CC(O)=C1C(O)=O,DGQLVPJVXFOQEV-UHFFFAOYSA-N,C22H20O13,492.090390704,-0.97,0.17,-9.68,-17.84,-9.54,-13.07,-18.49,-18.64,-3.98,-11.8,-17.89,13.542893797256989,0
1904,14.496,492.0974250319,492.0,649,284,1226,534,401,568,499.0,108.0,373.5,245.5,184.5,323.0,481.5,260.5,341.0,308.5,603.0,441.5,393.0,265.0,208.0,383.0,105.0,315.0,278.0,124.0,327.0,584.5,-57.5,285.0,-108.5,-37.5,198.5,-218.0,-166.5,17.5,-217.0,18.5,-18.5,,0.4214211045215605,,,0.031764140604054684,,,-1.1727696789492488,,-1.2220834399662468,,7,311.27272727272725,133.2225348867559,42.79929567039471,0,4321.5943663354,28296.6242811281,BF00173504,EPA_MIXTURE_006,20,mM,20,mM,DMSO,DTXSID9022817,1260-17-9,Carminic acid,CC1=C2C(=O)C3=C(C(O)=C(O)C([C@@H]4O[C@H](CO)[C@@H](O)[C@H](O)[C@H]4O)=C3O)C(=O)C2=CC(O)=C1C(O)=O,DGQLVPJVXFOQEV-JNVSTXMASA-N,C22H20O13,492.090390704,2D-QSAR-Ready,DTXCID00209218,CC1=C2C(=O)C3=C(C(O)=C(O)C(C4OC(CO)C(O)C(O)C4O)=C3O)C(=O)C2=CC(O)=C1C(O)=O,DGQLVPJVXFOQEV-UHFFFAOYSA-N,C22H20O13,492.090390704,-0.97,0.17,-9.68,-17.84,-9.54,-13.07,-18.49,-18.64,-3.98,-11.8,-17.89,14.294788178902694,0
1905,17.763,492.0974550319,492.0,1908,1245,1846,1548,1477,809,1345.0,695.0,457.5,473.0,138.0,118.5,349.0,315.5,1309.5,147.5,1124.0,1280.5,509.5,426.5,652.5,523.0,176.0,400.0,432.0,888.0,369.0,1087.0,-64.5,-185.5,-31.0,179.5,385.0,57.5,51.0,116.5,-421.5,221.5,-37.0,,,,-0.42079668782347357,0.44558164310726417,-0.3140505056564922,-0.8352552508612435,-0.4326734382181153,,0.17658171024490657,,5,613.0909090909091,320.4608767910976,52.26971596533323,0,2017.51920647715,9385.93479874143,BF00173504,EPA_MIXTURE_006,20,mM,20,mM,DMSO,DTXSID9022817,1260-17-9,Carminic acid,CC1=C2C(=O)C3=C(C(O)=C(O)C([C@@H]4O[C@H](CO)[C@@H](O)[C@H](O)[C@H]4O)=C3O)C(=O)C2=CC(O)=C1C(O)=O,DGQLVPJVXFOQEV-JNVSTXMASA-N,C22H20O13,492.090390704,2D-QSAR-Ready,DTXCID00209218,CC1=C2C(=O)C3=C(C(O)=C(O)C(C4OC(CO)C(O)C(O)C4O)=C3O)C(=O)C2=CC(O)=C1C(O)=O,DGQLVPJVXFOQEV-UHFFFAOYSA-N,C22H20O13,492.090390704,-0.97,0.17,-9.68,-17.84,-9.54,-13.07,-18.49,-18.64,-3.98,-11.8,-17.89,14.35575258818161,0
1906,14.19,492.0976350319,492.0,510,765,526,428,610,669,341.5,353.5,313.0,217.0,224.0,502.5,346.5,429.5,299.5,161.5,346.0,594.5,313.5,273.5,465.0,213.5,186.0,250.5,320.0,397.5,296.0,429.5,253.0,-40.0,-39.5,248.0,-10.5,-316.5,-96.0,-109.5,98.0,134.5,83.5,-0.13027018684173344,,,0.05799194697768673,,,,,-0.48517075103283525,-0.07945024232869492,-0.6173896233091745,6,339.95454545454544,115.56215457600265,33.993413566948234,0,2865.99161215389,17889.6154403425,BF00173504,EPA_MIXTURE_006,20,mM,20,mM,DMSO,DTXSID9022817,1260-17-9,Carminic acid,CC1=C2C(=O)C3=C(C(O)=C(O)C([C@@H]4O[C@H](CO)[C@@H](O)[C@H](O)[C@H]4O)=C3O)C(=O)C2=CC(O)=C1C(O)=O,DGQLVPJVXFOQEV-JNVSTXMASA-N,C22H20O13,492.090390704,2D-QSAR-Ready,DTXCID00209218,CC1=C2C(=O)C3=C(C(O)=C(O)C(C4OC(CO)C(O)C(O)C4O)=C3O)C(=O)C2=CC(O)=C1C(O)=O,DGQLVPJVXFOQEV-UHFFFAOYSA-N,C22H20O13,492.090390704,-0.97,0.17,-9.68,-17.84,-9.54,-13.07,-18.49,-18.64,-3.98,-11.8,-17.89,14.72153904408614,0
